0;1;2;3;4;5
1;Kunchacko Boban;1976;[''];['Reparto', 'Producción'];Sin Oscar
2;Victor Ijdens;No data;['Flikken Maastricht', '2021 • 1 episodio', '2019', 'Hermann Göring (jong)(as Victor IJdens)', 'Wes'];['Reparto'];Sin oscar
3;Jero Medina;No data;No data;No data;Sin oscar
4;Dennis Marin;No data;[''];['Reparto', 'Arte', 'Especialistas'];Sin oscar
5;Philippe Caland;No data;['Ripple Effect', 'Mi obsesión por Helena', 'Arrepentimiento', 'In Her Name'];['Producción', 'Reparto', 'Guion'];Sin Oscar
6;Kunle Busari;No data;['Pero', 'Olukosi'];['Reparto', 'Equipos adicionales'];Sin oscar
7;Bryann Alexander;No data;['Jookin'];['Reparto'];Sin oscar
8;Jehnny Beth;1984;[''];['Reparto', 'Composición', 'Guion'];Sin Oscar
9;Stephanie van Eer;No data;['Spangas', '2015–2018 • 524 episodios', '2018', '2017', '2016'];['Reparto'];Sin oscar
10;Andrés Lima;1961;['Policías, en el corazón de la calle', '2000–2003 • 81 episodios', '2006', '2001', 'Dirección'];['Reparto', 'Dirección', 'Guion'];Sin oscar
11;Juliana Hale;No data;[''];['Reparto', 'Composición', 'Música'];Sin Oscar
12;Siddhant Kapoor;1984;['Ugly', 'Coke', 'Joe', 'Little Rangeela'];['Reparto'];Sin oscar
13;Silu Seppälä;1954;[''];['Reparto', 'Música', 'Composición'];Sin Oscar
14;Willie Taylor;No data;[''];['Reparto', 'Composición', 'Producción'];Sin oscar
15;Jia Vaidya;No data;"['Jayeshbhai Jordaar', ""It's Not That Simple"", '2018 • 3 episodios']";['Reparto'];Sin oscar
16;Leona Clarke;1993;[''];['Reparto', 'Producción', 'Dirección de producción'];Sin Oscar
17;Michele Pereira Da Paz;No data;['Ti mangio il cuore', 'Mixed by Erry', 'Sono Lillo', '2023 • 2 episodios'];['Reparto'];Sin oscar
18;Tahjjic Smith;No data;['Just Between Us Girls', '3,8', 'Videoclip', 'Serie de TV'];['Reparto'];Sin oscar
19;Carlos Berber;No data;[''];['Guion', 'Dirección', 'Dirección de fotografía y cámara'];Sin Oscar
20;Al Madrigal;1971;[''];['Reparto', 'Producción', 'Guion'];Sin Oscar
21;Varun Sharma;1990;[''];['Reparto'];Sin Oscar
22;Peggy J. Scott;No data;[''];['Reparto'];Sin oscar
23;Ramón Langa;1959;['Los fantasmas de Goya', 'Minotauro', 'El Ministerio del Tiempo', '2015–2016 • 3 episodios', 'XIII(Spanish version, voz)'];['Reparto', 'Equipos adicionales'];Sin Oscar
24;Elena Bayona;No data;['Un Encuentro', 'Ni en la más oscura de mis tardes', 'Martha', 'Elena'];['Reparto', 'Dirección', 'Guion'];Sin oscar
25;Yilin Yang;No data;['La chanson du dimanche', '2011–2012 • 20 episodios', '2014', 'Zang', 'Cliente chinoise 1'];['Reparto'];Sin oscar
26;Kevin Patrick McGarry;No data;"['Música a bordo', 'The Fence', ""Fisherman's Friends: One and All""]";['Reparto'];Sin oscar
27;Emily Sue Bengtson;No data;[''];['Reparto', 'Equipos adicionales'];Sin oscar
28;Luiza Grigorova;1990;[''];['Reparto', 'Producción'];Sin Oscar
29;Vasiliy Mishchenko;1955;[''];['Reparto', 'Producción', 'Dirección'];Sin oscar
30;Manjari Fadnnis;1984;[''];['Reparto', 'Banda sonora'];Sin Oscar
31;Delia Seriche;No data;['El efecto Darma', '6,7', 'Gente que no sabe lo que quiere', 'Razas, primer acto'];['Reparto'];Sin oscar
32;Susan Kurata;No data;['Sae', 'Mrs. Smith', 'Nurse', 'Nurse'];['Reparto'];Sin oscar
33;Xavier Jones Sr.;No data;['All 4da Green'];['Reparto'];Sin oscar
34;Dilan Gwyn;No data;[''];['Reparto'];Sin oscar
35;Laura Kariuki;1998;[''];['Reparto'];Sin oscar
36;Luke Wilson;1971;[''];['Reparto', 'Producción', 'Dirección'];Sin Oscar
37;Eszter Csonka;No data;['Szelíd', 'Beauty of the Beast'];['Reparto'];Sin Oscar
38;Arshad Warsi;1968;[''];['Reparto', 'Guion', 'Dirección de la segunda unidad o asistencia a dirección'];Sin Oscar
39;Donnie Cornwell;No data;['ClayFighter 63 1/3', '1997'];['Equipos adicionales'];Sin oscar
40;Kristina Kostiv;1991;['El síndrome de Berlín', 'Worldquake', 'DeXit: Der nächste Flüchtling bist du', 'An Ideal to Die For'];['Reparto', 'Maquillaje', 'Producción'];Sin Oscar
41;Zacharie Chasseriaud;1996;[''];['Reparto'];Sin oscar
42;Mary Liz Adams;No data;[''];['Reparto', 'Dirección de fotografía y cámara', 'Producción'];Sin oscar
43;Honeylet Conlu;No data;[''];['Reparto'];Sin oscar
44;Ibrahim Bakhait;No data;['Jacob Tyler', '7,6', 'Videojuego', 'Corto'];['Reparto', 'Producción', 'Guion'];Sin oscar
45;Václav Hrzina;No data;[''];['Reparto', 'Guion', 'Dirección'];Sin oscar
46;Makiko Watanabe;1968;[''];['Reparto', 'Guion'];Sin Oscar
47;Ella Morrow;No data;[''];['Reparto', 'Cámara y electricidad', 'Dirección'];Sin oscar
48;Patti Negri;octubre;[''];['Reparto', 'Producción', 'Diseño de vestuario'];Sin oscar
49;Arlette Najsztat;No data;['Destin de glace', 'Mother of Michael', 'La mère de Roch(as Arlette Najstat)', 'Pensionnaire Mimosas'];['Reparto'];Sin oscar
50;Hubert Proulx;No data;[''];['Reparto'];Sin Oscar
51;Daniel Hadebe;No data;['Distrito 9', 'Dredd', 'Invictus', 'La bestia'];['Reparto'];Sin oscar
52;Gwendoline Christie;1978;[''];['Reparto', 'Casting', 'Producción'];Nominado para 1 premio Primetime Emmy
53;Ugrram Manju;No data;['Kabzaa', 'Bypass Road', 'Tootu Madike', 'Rajannana Maga'];['Reparto'];Sin oscar
54;Maripier Morin;1986;[''];['Reparto'];Sin oscar
55;Ashlesh;2003;[''];['Reparto'];Sin Oscar
56;Marit Nissen;1966;['Bajo el sol de la Toscana', 'La fuga del paraíso', 'Sanatorio', '2019 • 3 episodios', '2008'];['Reparto'];Sin Oscar
57;Alyssa Riha;No data;[''];['Reparto', 'Guion y continuidad', 'Vestuario'];Sin oscar
58;Matteo Pittiruti;No data;['La música del silencio', 'Leonora addio', 'La vita promessa', '2020 • 1 episodio', 'Reparto'];['Reparto'];Sin oscar
59;Platon Alekseyev;No data;['Skvoz vremya', 'Frantsuzskiy master', 'Kiber Ivan', '2023', 'VolodyaVolodya Nezhinskiy'];['Reparto'];Sin oscar
60;Darren Cain;No data;[''];['Reparto', 'Producción'];Sin oscar
61;Jesse Plemons;1988;[''];['Reparto', 'Música', 'Producción'];Nominado para 1 premio Óscar
62;Zoey Burger;1999;[''];['Reparto', 'Dirección de casting', 'Guion'];Sin oscar
63;Silje Storstein;1984;[''];['Reparto', 'Guion', 'Cámara y electricidad'];Sin Oscar
64;Jonni Shandor;No data;[''];['Reparto', 'Guion', 'Dirección'];Sin oscar
65;Graham Earley;No data;[''];['Reparto', 'Dirección', 'Guion'];Sin Oscar
66;Mukesh Agrohari;No data;['Dilwale', 'Sanju', 'Aashiqui 2', 'Aamir'];['Reparto'];Sin oscar
67;Sunil Annur;No data;['Pada'];['Reparto'];Sin oscar
68;Daniel Fitzgibbon;No data;[''];['Reparto', 'Producción'];Sin oscar
69;Renny Grames;No data;[''];['Reparto', 'Producción', 'Equipos adicionales'];Sin Oscar
70;Charles Jonathon Truax;No data;['The Hollow', '225 Oak', 'Somewhere in Texas'];['Guion', 'Sonido', 'Producción'];Sin Oscar
71;Zamantha Díaz;No data;[''];['Reparto', 'Casting', 'Dirección de casting'];Sin oscar
72;Marc John Jefferies;1990;[''];['Reparto', 'Producción', 'Equipos adicionales'];Sin Oscar
73;Emily Burrage;No data;['Room 7'];['Reparto'];Sin oscar
74;Amitabh Bachchan;1942;[''];['Reparto', 'Producción', 'Guion'];Sin Oscar
75;Alex Lutz;1978;[''];['Reparto', 'Guion', 'Dirección'];Sin Oscar
76;Frankie J. Allison;No data;[''];['Reparto', 'Producción'];Sin oscar
77;Vino G. Bastian;1982;['Radit & Jani', 'Sabar Ini Ujian', 'Miracle in Cell No. 7', 'Toba Dreams'];['Reparto', 'Producción', 'Banda sonora'];Sin Oscar
78;Juanma Casero;No data;['La 2 es teatro'];['Dirección de la segunda unidad o asistencia a dirección'];Sin oscar
79;Paul Linte;No data;['La cygne des héros'];['Reparto'];Sin oscar
80;Brigitta Nilsson;1977;['Isolering', 'Arne Dahl: En midsommarnattsdröm', '2015 • 2 episodios', 'Call girl', 'Serie de TV'];['Reparto'];Sin oscar
81;Louis Garrel;1983;[''];['Reparto', 'Dirección', 'Guion'];Sin Oscar
82;Chrissy Metz;1980;[''];['Reparto', 'Producción', 'Guion'];Nominado para 1 premio Primetime Emmy
83;Sheena Faust;No data;[''];['Reparto', 'Guion', 'Producción'];Sin oscar
84;Almila Bagriacik;1990;[''];['Reparto', 'Banda sonora'];Sin Oscar
85;Tig Notaro;1971;[''];['Reparto', 'Guion', 'Producción'];Nominado para 1 premio Primetime Emmy
86;Cory Scott Allen;1983;[''];['Reparto', 'Producción'];Sin oscar
87;Tara Raani;No data;[''];['Reparto', 'Guion', 'Animación'];Sin Oscar
88;Danny Erskine;1978;['The Bourne Identity: El caso Bourne', 'Oga Detective', 'Don Dilly'];['Reparto', 'Casting', 'Producción'];Sin Oscar
89;Albert Mwangi;No data;[''];['Reparto', 'Especialistas'];Sin oscar
90;David Johnson;1924;[''];['Reparto', 'Equipos adicionales', 'Banda sonora'];Sin Oscar
91;Ella Kweku;No data;[''];['Reparto', 'Producción'];Sin Oscar
92;Jing Wu;1974;[''];['Reparto', 'Producción', 'Dirección'];Sin Oscar
93;Christian Soto;No data;['Bizarre Again'];['Reparto'];Sin oscar
94;Valeria Esparza;No data;['Ni en la más oscura de mis tardes'];['Reparto'];Sin oscar
95;Bahtiyar Engin;1965;[''];['Reparto', 'Dirección', 'Producción'];Sin Oscar
96;Spenser Granese;No data;[''];['Reparto', 'Dirección', 'Guion'];Sin oscar
97;Jordyn Denning;No data;[''];['Reparto'];Sin Oscar
98;Ursula von der Leyen;1958;['The Robert MacNeil Report', '2021–2022 • 3 episodios', '2023', 'Self', 'Self'];['Equipo ejecutivo'];Sin oscar
99;Kadir Suleyman;No data;[''];['Reparto', 'Producción', 'Dirección'];Sin oscar
100;Natasha Arancini;No data;[''];['Reparto', 'Dirección', 'Producción'];Sin oscar
101;Gonçalo Waddington;1977;[''];['Reparto', 'Guion', 'Dirección'];Sin Oscar
102;Rhiannon Wyn;No data;['Clear Out', 'Mind-Set', 'At the Crossing'];['Reparto', 'Dirección', 'Guion'];Sin oscar
103;Mariano Villalobos;No data;['The Legend of Jack and Diane', 'In His Hands: The Emergence', '5,6', 'Videoclip'];['Reparto'];Sin oscar
104;Cemre Demircan;No data;[''];['Reparto'];Sin oscar
105;Steven Cree;1980;[''];['Reparto', 'Guion', 'Producción'];Sin Oscar
106;Aadhi;1982;[''];['Reparto', 'Música', 'Banda sonora'];Sin Oscar
107;Maya Schnake;No data;['Summer Skies', 'Margot'];['Reparto'];Sin oscar
108;Oscar Ganem;No data;[''];['Reparto', 'Producción', 'Dirección'];Sin oscar
109;Rachel Braunschweig;1968;[''];['Reparto'];Sin Oscar
110;Ali Büyükkartal;No data;['Nalan', 'Yesilçam', '2021 • 1 episodio'];['Reparto'];Sin oscar
111;Mahmood Hafez;No data;['El Bayt Bayti', '2022 • 8 episodios', '2021', 'Reparto', 'Serie de TV'];['Reparto'];Sin oscar
112;Meena;2003;[''];['Reparto', 'Vestuario'];Sin oscar
113;Scott Wolf;1968;[''];['Reparto', 'Dirección', 'Producción'];Sin Oscar
114;Kailash Sorari;No data;[''];['Producción', 'Reparto'];Sin oscar
115;Diego Calva;1992;[''];['Reparto', 'Dirección de la segunda unidad o asistencia a dirección', 'Cámara y electricidad'];Sin Oscar
116;Chaman Bansal;No data;['Still Waters Go Deep'];['Reparto'];Sin oscar
117;Roberta Hanlen;No data;[''];['Reparto', 'Especialistas'];Sin Oscar
118;Trystan Pütter;1980;[''];['Reparto'];Sin Oscar
119;Cameron Carter;No data;['La maldición de Oak Island', '2022–2023 • 2 episodios'];No data;Sin oscar
120;Miquirray Compagny Luciana;No data;['Soy Tu Fan: La Película', 'La caja vacía', 'Clío'];['Reparto'];Sin oscar
121;Ivars Krasts;1980;['Revolucija / Revolution', 'Blakus', 'Magic Kimono', 'Agentura', '2020'];['Reparto'];Sin Oscar
122;Boran Kuzum;1992;[''];['Reparto', 'Producción'];Sin Oscar
123;George Appleby;No data;[''];['Reparto', 'Especialistas'];Sin oscar
124;Natalie Scott;No data;[''];['Reparto', 'Composición'];Sin oscar
125;Mio Masuda;No data;['Sekai no owari kara', 'Rurô no tsuki'];['Reparto'];Sin oscar
126;Mandeep Singh;1996;['Krrish', 'Jinde Meriye', 'Rocky Mental', 'Son of Sardaar'];['Reparto'];Sin oscar
127;Aarushi Sharma;1996;['Sooryavanshi', 'Panchhi', 'High End Yaariyaan', 'Kaka Ji'];['Reparto'];Sin oscar
128;Lynette Callaghan;No data;[''];['Reparto'];Sin oscar
129;Nadia Albina;No data;[''];['Reparto'];Sin oscar
130;Valentin Tanev;1957;[''];['Reparto'];Sin Oscar
131;Susana Arrais;1975;[''];['Reparto', 'Equipos adicionales', 'Producción'];Sin Oscar
132;Pooja Bhatt;1972;[''];['Reparto', 'Producción', 'Dirección'];Sin Oscar
133;Vangelis Psomas;No data;['Kathartirio', 'Thilyki etaireia', 'Abejas Salvajes', '2022 • 8 episodios', '2022'];['Reparto'];Sin Oscar
134;Eddie Marsan;1968;[''];['Reparto', 'Banda sonora'];Sin Oscar
135;Hopper Penn;1993;[''];['Reparto', 'Producción'];Sin Oscar
136;Divyendu Sharma;1983;[''];['Reparto'];Sin Oscar
137;Steve Farah;No data;['Cawdor Street Thanes'];['Reparto'];Sin oscar
138;Sathish;1987;[''];['Reparto', 'Guion'];Sin Oscar
139;Thomas J. O'Brien;No data;[''];['Reparto', 'Producción', 'Casting'];Sin Oscar
140;Sajid Nadiadwala;1966;[''];['Producción', 'Guion', 'Dirección'];Sin Oscar
141;Kathy Bell Denton;No data;[''];['Reparto'];Sin oscar
142;Chaz Bono;1969;[''];['Reparto', 'Producción', 'Equipos adicionales'];Nominado para 1 premio Primetime Emmy
143;David Rousing;1970;['Mille', '2009 • 10 episodios', '2008', 'Kurer', 'Serie de TV'];['Reparto'];Sin oscar
144;Andrew Sanko Logan;No data;['Everybody Loves Jeanne'];['Reparto'];Sin oscar
145;Marianne Mörck;1949;['Inspector Wallander', '2005–2013 • 25 episodios', '2020', '2018', 'BiggeBirgitta'];['Reparto', 'Dirección', 'Banda sonora'];Sin Oscar
146;Indar Smith;No data;[''];['Reparto'];Sin oscar
147;Randall Yarbrough;No data;[''];['Reparto', 'Guion', 'Dirección'];Sin oscar
148;Sofie Juul Blinkenberg;No data;['Welcome to the Moon', 'Serie de TV', '5,7', '6,4'];['Reparto'];Sin oscar
149;Sharmaarke Purcell;No data;[''];['Reparto', 'Especialistas'];Sin oscar
150;Angela Barber;No data;[''];['Reparto', 'Equipos adicionales'];Sin oscar
151;Hector David Jr.;1989;[''];['Reparto', 'Dirección', 'Producción'];Sin Oscar
152;Placide Ali;No data;['Utama'];['Reparto'];Sin oscar
153;Maniesh Paul;1981;[''];['Reparto', 'Producción', 'Música'];Sin Oscar
154;Adem Yilmaz;1983;[''];['Reparto', 'Guion'];Sin oscar
155;Yu Shu Ching;No data;['Sun Moon'];['Reparto'];Sin oscar
156;Dustin Bell;No data;No data;No data;Sin oscar
157;Guggu Gill;1960;[''];['Reparto'];Sin Oscar
158;Emre Tetikel;agosto;['A propósito de Elly', 'Sefkat Gibi - As Compassion', 'Negar', 'Paranoid: Everything Wipe from the Beginning'];['Reparto', 'Producción', 'Guion'];Sin Oscar
159;Stefanie Buma;No data;[''];['Reparto', 'Cámara y electricidad'];Sin oscar
160;James Purefoy;1964;[''];['Reparto', 'Producción'];Sin Oscar
161;Jessica McNamee;junio;[''];['Reparto', 'Equipo ejecutivo'];Sin Oscar
162;Vera Carlbom;No data;['El año en que empecé a masturbarme'];['Reparto', 'Banda sonora'];Sin oscar
163;Alain Teutelo;No data;[''];['Reparto', 'Producción'];Sin oscar
164;Dani Jaén;No data;['El efecto Darma'];['Reparto'];Sin oscar
165;Roberto Herlitzka;1937;[''];['Reparto', 'Equipos adicionales'];Sin Oscar
166;Chedly Arfaoui;No data;['Bolice', '2015–2016 • 48 episodios', '2011', '2017', '2016'];['Reparto', 'Guion'];Sin oscar
167;Manu Rishi Chadha;1971;[''];['Reparto', 'Guion', 'Música'];Sin Oscar
168;Yusuf Toosh Ibra;No data;['Trol', 'Kuppel 16', '2022 • 4 episodios', 'Abdul', 'Kaz'];['Reparto'];Sin oscar
169;Hasso von Scotch;No data;['Unhappy 2 - Plans', 'Timelifter', 'Mario Müggelwein', '2019'];['Reparto', 'Guion', 'Localización'];Sin oscar
170;Fares Fares;1973;[''];['Reparto', 'Producción', 'Guion'];Sin Oscar
171;Habib Al Aidroos;No data;['Attack', 'Mardaani', '118', 'Runway 34'];['Reparto'];Sin oscar
172;Dagur Kári;1973;['Voksne mennesker', 'Noi, el albino', 'Un buen corazón', 'Corazón gigante'];['Dirección', 'Guion', 'Composición'];Sin Oscar
173;Valerie Puente;No data;['Abilene'];['Reparto'];Sin oscar
174;Brooke Patterson;No data;[''];['Reparto', 'Equipos adicionales'];Sin oscar
175;Benny Bøtchiær Thomsen;1967;['Resten af livet', 'The Team', '2018 • 1 episodio', 'TilskuerReceptionsgæst', 'German tourist'];['Reparto'];Sin oscar
176;Haki Biçici;1981;['Untitled Haki Biçici Project', 'Rasit', 'Miniserie de TV', '7,6'];['Reparto', 'Dirección', 'Guion'];Sin Oscar
177;Tatiana Tibur;No data;['Falas Negras', '2020', 'Chica', '2023', 'Elis'];['Reparto', 'Casting'];Sin Oscar
178;Amina Mohamed;No data;['Fly Away with Me'];['Dirección'];Sin oscar
179;Caspar Phillipson;1971;[''];['Reparto'];Sin Oscar
180;Mariya Antonova;No data;['Trigger. Film', 'Sherlok v Rossii', '2020 • 8 episodios', '2018', 'Student'];['Reparto'];Sin oscar
181;Cecep Arif Rahman;No data;[''];['Reparto', 'Especialistas'];Sin oscar
182;Kaisha Nowland;No data;['Fate of the Night'];['Reparto'];Sin oscar
183;Laurence Koodin;No data;['Batman: A Beautiful Lie', 'Dirección(directed by)'];['Dirección', 'Reparto', 'Guion'];Sin oscar
184;Samantha Cassar Ellis;No data;['Jurassic World: Dominion', 'Asesinato en el Orient Express', 'Rebeldes de Hindostán', 'Is-Sriep Regghu Saru Velenuzi'];['Dirección de la segunda unidad o asistencia a dirección', 'Equipos adicionales', 'Reparto'];Sin Oscar
185;Daniela Arrieta;No data;['Lo que la gente cuenta', '2021 • 1 episodio', '2022', '2022 • 1 episodio'];['Reparto'];Sin oscar
186;Emöke Baráth;No data;['Il Boemo', 'Cavalli: Elena', 'Stabat Mater. Giovanni Battista Pergolesi'];['Reparto', 'Música'];Sin oscar
187;Gabrielle Dennis;octubre;[''];['Reparto', 'Producción', 'Dirección'];Sin Oscar
188;Alexander Jesus Burgos;No data;[''];['Reparto', 'Producción', 'Especialistas'];Sin oscar
189;Alice Heyward;No data;['Afterwater'];['Reparto'];Sin oscar
190;Master Akhil;No data;['Ombatthane Dikku'];['Reparto'];Sin oscar
191;Mumei Zeng;No data;['Duan · Qiao'];['Reparto'];Sin oscar
192;Aaron D. Spears;1971;[''];['Reparto', 'Producción', 'Composición'];Sin Oscar
193;Kario Marcel;agosto;[''];['Reparto', 'Guion'];Sin oscar
194;Juan Maria Almonte;No data;['Lilís', 'La fiesta del Chivo', 'Auf Wiedersehen, Pet', '2004 • 3 episodios', '2022'];['Reparto'];Sin oscar
195;Ajith;1971;[''];['Reparto', 'Música', 'Banda sonora'];Sin Oscar
196;Hugh Jackman;1968;[''];['Reparto', 'Producción', 'Equipo ejecutivo'];Nominado para 1 premio Óscar
197;Dilip Shankar;1970;['Orígenes', 'Viaje a Darjeeling', 'La vida de Pi', 'Bhaag Milkha Bhaag'];['Reparto', 'Dirección de casting', 'Casting'];Sin oscar
198;Veronika Zeleznik;No data;['Jezdeca', 'Ja, Chef', '2022 • 1 episodio', 'Maja Dolenc'];['Reparto'];Sin oscar
199;Doruk Yilmaz;No data;['Söhretler Okulu'];['Reparto'];Sin oscar
200;Stacie Alston;No data;['Imposter Pastor', 'Hit A Lick 2', 'Bless Your Heart'];['Reparto'];Sin oscar
201;Andy Ashton;No data;['And All Who Sail in Her', 'Monster On'];['Reparto', 'Guion'];Sin oscar
202;Enrique Murciano;1973;[''];['Reparto', 'Producción'];Sin Oscar
203;Alicia Restivo;No data;[''];['Reparto', 'Producción', 'Dirección de la segunda unidad o asistencia a dirección'];Sin oscar
204;Asami Seto;1993;['Seishun Buta Yaro wa Bunny Girl-senpai no Yume wo Minai', '2018 • 13 episodios', '2015', 'Lan(voz)', 'Serie de TV'];['Reparto', 'Música', 'Banda sonora'];Sin Oscar
205;Mikako Komatsu;1988;['Re: Creators', '2017 • 20 episodios', 'Tachibana, Hotaru', 'Aizawa(voz)', 'Serie de TV'];['Reparto', 'Música', 'Banda sonora'];Sin Oscar
206;Abhishekh Khan;1996;['Bard of Blood', '2019 • 5 episodios', 'Johnny - Data Analyst 9191', 'Reparto', '2020'];['Reparto'];Sin oscar
207;Moran Rosenblatt;1985;[''];['Reparto', 'Dirección', 'Guion'];Sin Oscar
208;Alex Denysov;1993;['10 Years Down the Road', 'Have Some Sleep', 'Once Upon a Time... I', 'El Panameño'];['Reparto', 'Producción', 'Dirección de fotografía y cámara'];Sin Oscar
209;Hiather Darnel-Kadonaga;No data;['V F C'];['Reparto'];Sin oscar
210;Robert Walker;1918;[''];['Reparto', 'Banda sonora'];Sin Oscar
211;Nick Messersmith;1985;[''];['Reparto', 'Especialistas', 'Dirección'];Sin oscar
212;Èlia Solé;No data;"[""Estudi d'actors"", 'Girasoles silvestres', 'Polseres vermelles', '2013 • 6 episodios', 'Sílvia(as Elia Solé)']";['Reparto'];Sin oscar
213;Tyrell Oberle;No data;[''];['Reparto'];Sin Oscar
214;Kameron Hale;No data;['Entropy', 'Leave This House', 'Edición', 'Edición'];['Edición', 'Dirección', 'Guion'];Sin Oscar
215;Maxime Gorbatchevsky;No data;"[""L'Amour du Monde"", 'Ondes de choc', '2018 • 1 episodio', '2021', '2022']";['Reparto'];Sin oscar
216;Travis Cure;No data;[''];['Reparto', 'Producción'];Sin oscar
217;Morgan Bass;No data;['Judge Mathis', '2021–2023 • 2 episodios', 'Casting', 'Guion', 'Dirección'];['Producción', 'Equipos adicionales', 'Casting'];Sin oscar
218;Ton Gras;No data;['Inconscientes', 'Rescate', 'Afterwater', '¡Excusas!'];['Reparto'];Sin oscar
219;Hamilton Boudreaux;No data;['Letters Home'];['Reparto'];Sin oscar
220;Fintan Kelly;No data;['Release', 'Doomsday for Nine', 'Corto', '6,8'];['Reparto'];Sin oscar
221;Heidi Fecht;No data;[''];['Reparto', 'Producción'];Sin oscar
222;Ottavia Ratazzi;No data;['Final Score'];['Reparto'];Sin oscar
223;Tristan Ruggeri;No data;[''];['Reparto'];Sin oscar
224;Richard Burgin;1997;[''];['Dirección', 'Guion', 'Producción'];Sin Oscar
225;Rajpal Naurang Yadav;1971;[''];['Reparto', 'Guion', 'Dirección'];Sin Oscar
226;Sanjay Mishra;1963;[''];['Reparto', 'Cámara y electricidad', 'Composición'];Sin Oscar
227;Ellen Müller;No data;['En el lugar del crimen', '2021 • 1 episodio', '2022', 'Casting Agent 1', 'Serie de TV'];['Reparto'];Sin oscar
228;Nayana Sharath;No data;['Dwimukha', 'Kranti', 'Dhamaka', 'RC Brothers'];['Reparto'];Sin oscar
229;Hony Estrella;No data;['Amigo D', 'Todos los hombres son iguales', 'Rafaela', 'La Bruja'];['Reparto', 'Producción'];Sin Oscar
230;DeAnna Green;No data;['Jacob, Broken by God', '2,0', 'Nurse Ratchet'];['Reparto', 'Producción'];Sin oscar
231;Maya Millard;No data;['Save the Cinema'];['Reparto'];Sin oscar
232;James B. Potts;No data;[''];['Reparto', 'Equipos adicionales', 'Dirección'];Sin oscar
233;Sneha Biswas;No data;['Decay', '8,6', 'Rani', '2022'];['Reparto', 'Producción', 'Diseño de producción'];Sin oscar
234;Miranda Richardson;1958;[''];['Reparto', 'Banda sonora'];Nominado para 2 premios Óscar
235;Robin Ferro;No data;[''];['Reparto'];Sin oscar
236;Lola Moltó;No data;['El desentierro', 'Hospital Central', '2001–2006 • 2 episodios', '2015', '1996'];['Reparto'];Sin oscar
237;Melissa Ortiz;No data;[''];['Reparto'];Sin oscar
238;Ella Pellegrini;No data;"['Las amistades peligrosas', ""L'école de la vie"", '2021 • 1 episodio', 'Antigone Vigan', 'Reparto']";['Reparto'];Sin oscar
239;Jasmin Geljo;1959;[''];['Reparto', 'Dirección', 'Producción'];Sin Oscar
240;Maximilian Brückner;1979;[''];['Reparto'];Sin Oscar
241;Arthur De Larroche;No data;[''];['Reparto', 'Guion', 'Dirección'];Sin Oscar
242;Aaron Sahle;No data;['Know Your Place'];['Reparto'];Sin oscar
243;Aisling Doyle;No data;['La lista de Mr. Malcolm', 'Clean Sweep', '2023 • 1 episodio', 'Bea(voz)'];['Reparto'];Sin oscar
244;Malcolm Ellul;No data;[''];['Equipos adicionales', 'Reparto', 'Dirección de la segunda unidad o asistencia a dirección'];Sin Oscar
245;Pavana Gowda;No data;['Rudri', 'Aatagara', 'Fighter', 'Gowli'];['Reparto'];Sin Oscar
246;Jay O. Sanders;1953;[''];['Reparto', 'Equipos adicionales'];Sin oscar
247;Johnny Massaro;1992;[''];['Reparto', 'Dirección', 'Guion'];Sin Oscar
248;Aislinn Derbez;1986;[''];['Reparto', 'Producción', 'Composición'];Sin Oscar
249;Ava Kolker;2006;[''];['Reparto', 'Producción'];Sin Oscar
250;Jeffrey Moon;No data;[''];['Reparto', 'Producción', 'Especialistas'];Sin oscar
251;Patrick Caux;No data;[''];['Reparto', 'Producción', 'Equipos adicionales'];Sin Oscar
252;Caitlin Stryker;No data;[''];['Reparto', 'Equipos adicionales', 'Producción'];Sin Oscar
253;Cyrus Arnold;2003;[''];['Reparto', 'Dirección de la segunda unidad o asistencia a dirección', 'Equipos adicionales'];Sin Oscar
254;Kiran Kumar;1953;[''];['Reparto'];Sin Oscar
255;Timotejs Pelle Kalnins;No data;['Neon Spring'];['Reparto'];Sin oscar
256;Aniket Pal;No data;['Nishwa', 'Dirección o asistencia de la segunda unidad', 'Dirección o asistencia de la segunda unidad'];['Reparto', 'Producción', 'Guion'];Sin oscar
257;Dillon Mann;No data;[''];['Reparto', 'Dirección de la segunda unidad o asistencia a dirección', 'Especialistas'];Sin oscar
258;Oscar Torre;No data;[''];['Reparto', 'Dirección', 'Producción'];Sin Oscar
259;Julia Hummer;1980;"['Die innere Sicherheit', 'En el lugar del crimen', '2000–2001 • 2 episodios', '2000', ""Gabriele Kröcher-Tiedemann 'Nada'""]";['Reparto', 'Composición', 'Música'];Sin Oscar
260;Anja Schneider;1977;[''];['Reparto'];Sin Oscar
261;Kevin Dillon;1965;[''];['Reparto', 'Producción', 'Banda sonora'];Nominado para 3 premios Primetime Emmy
262;Raffaella Rea;1982;[''];['Reparto'];Sin oscar
263;Krysten Noseal;No data;['The Domino Effect', 'Corto'];['Reparto'];Sin oscar
264;Terry Holland;No data;['Muerte, muerte, muerte', 'Tis of Thee: An American Snapshot', 'El hombre que mató a Hitler y después a Bigfoot', 'Cold Wallet'];['Reparto', 'Cámara y electricidad', 'Dirección'];Sin oscar
265;Laura Austin;No data;[''];['Reparto'];Sin oscar
266;Christina Leidel;No data;[''];['Reparto', 'Composición', 'Música'];Sin oscar
267;Keekee Suki;No data;[''];['Reparto', 'Especialistas', 'Dirección'];Sin Oscar
268;Ángela Cervantes;1993;[''];['Reparto'];Sin Oscar
269;Carolina Costa;No data;[''];['Dirección de fotografía y cámara', 'Cámara y electricidad', 'Producción'];Sin Oscar
270;Eliot Sumner;1990;[''];['Reparto', 'Música', 'Banda sonora'];Sin oscar
271;Turgay Aydin;1971;['Hatirla Sevgili', '2006–2008 • 51 episodios', '2004', '1999', '2011'];['Reparto'];Sin oscar
272;Manuela Ventura;No data;['El capo de Corleone', '2007 • 5 episodios', '2016', 'Marina', 'Tuccia'];['Reparto'];Sin oscar
273;Henry Wilson;No data;['La marca de los cuatro', 'Mágico dominio', 'Lily of Killarney', 'Corto'];['Reparto'];Sin oscar
274;Ray Poindexter;No data;[''];['Reparto'];Sin oscar
275;Manal Issa;1992;[''];['Reparto'];Sin Oscar
276;Eric James Gravolin;No data;[''];['Reparto', 'Dirección', 'Guion'];Sin Oscar
277;Helen Coxe;octubre;['Julie y Julia'];['Reparto', 'Sonido', 'Equipos adicionales'];Sin oscar
278;Rohit Banerjee;No data;['Manojder Adbhut Bari'];['Reparto'];Sin oscar
279;Patricia Morueco;No data;['Each and Every Woman', 'Corto', 'Corto', '7,1'];['Reparto', 'Dirección', 'Producción'];Sin oscar
280;Yaret Lora;No data;[''];['Reparto'];Sin Oscar
281;Park Ju-hyun;No data;['Mauseu', '2021 • 19 episodios', 'Bae Gyuri(as Park Joo-Hyun)', 'Yoo ra', 'Miniserie de TV'];['Reparto'];Sin Oscar
282;Abhimanyu Prajwal;No data;['Kapala', 'Yellow Board', 'Ondu Shikariya Kathe', 'Brahmi'];['Reparto'];Sin oscar
283;Andrea Heick Gadeberg;1998;[''];['Reparto', 'Equipos adicionales', 'Banda sonora'];Sin Oscar
284;Basil Sakr;No data;[''];['Reparto', 'Producción', 'Dirección'];Sin oscar
285;Sreenath Bhasi;1988;[''];['Reparto', 'Música', 'Banda sonora'];Sin Oscar
286;María Pedraza;1996;[''];['Reparto'];Sin oscar
287;Engin Hepileri;1978;[''];['Reparto'];Sin Oscar
288;Harish Uthaman;1982;[''];['Reparto'];Sin oscar
289;Kristina Goztola;1985;[''];['Reparto', 'Producción', 'Guion'];Sin Oscar
290;Roberta Mastromichele;1976;[''];['Equipos adicionales', 'Reparto', 'Arte'];Sin oscar
291;Dexter Farren Haag;No data;[''];['Reparto'];Sin Oscar
292;Michael Jai White;1967;[''];['Reparto', 'Guion', 'Producción'];Sin Oscar
293;Dipa Anitia;No data;[''];['Reparto'];Sin oscar
294;Kennedy Tucker;1998;[''];['Reparto'];Sin oscar
295;Nefeli Kouri;No data;['Kathartirio', 'Hronia polla', '10i entoli', '2015 • 1 episodio', 'Alexia Kastrinou'];['Reparto'];Sin Oscar
296;Sebastião Matias;No data;['Km 224', 'VivaVida', '2022 • 1 episodio'];['Reparto'];Sin oscar
297;Thomas Daniel;1933;[''];['Reparto', 'Guion', 'Producción'];Ganó 6 premios Primetime Emmy
298;Bobby Gerrits;No data;[''];['Reparto', 'Especialistas', 'Cámara y electricidad'];Sin oscar
299;Martin Sola;1968;[''];['Reparto', 'Dirección'];Sin oscar
300;Renee Carillo;No data;['Aurora 663', 'Emergency Landing', 'Mazurkas', 'Mr. Blue Shirt: The Inspiration'];['Reparto', 'Equipos adicionales'];Sin oscar
301;Saurav Lokesh;No data;['Salaar: Cease Fire - Part 1', '7,3', '7,0', 'Reparto'];['Reparto'];Sin oscar
302;Adil Akram;No data;['Detained', 'Salience', 'The Guitar', 'Escorted Leave'];['Reparto', 'Dirección', 'Guion'];Sin oscar
303;Veslemøy Mørkrid;1982;[''];['Reparto'];Sin Oscar
304;Anna Akana;1989;[''];['Reparto', 'Producción', 'Dirección'];Sin Oscar
305;Ludovica Martino;1997;['SKAM Italia', '2018–2022 • 43 episodios', 'Emilia', 'Camilla', 'Serie de TV'];['Reparto'];Sin Oscar
306;Isabella Bucceri;No data;['Everything in Between', 'Threshold', 'Finally Me'];['Reparto'];Sin oscar
307;Michelle McLeod;No data;[''];['Reparto', 'Equipos adicionales'];Sin Oscar
308;Ivan Bekjarev;1946;[''];['Reparto', 'Guion'];Sin oscar
309;Liam O'Brien;1976;[''];['Reparto', 'Guion', 'Equipos adicionales'];Sin Oscar
310;Caranita Harrelson;No data;['Wanderlust: A Musical Noir', 'Slumber Party Slaughter Party 2', '9,5', 'Isis'];['Reparto', 'Dirección de producción', 'Guion'];Sin oscar
311;Vinayakan;1984;[''];['Reparto', 'Dirección', 'Guion'];Sin Oscar
312;Emerson Gregori;No data;[''];['Reparto', 'Dirección', 'Guion'];Sin Oscar
313;Guy Jodoin;No data;[''];['Reparto', 'Dirección', 'Banda sonora'];Sin Oscar
314;Liz Davies;No data;[''];['Reparto'];Sin oscar
315;Simone Ciampi;No data;['Maravilloso Boccaccio', 'A un paso del cielo', '2015 • 1 episodio', '2022', '2009'];['Reparto'];Sin oscar
316;Ward Kerremans;1988;[''];['Reparto'];Sin oscar
317;Sydney Sabean;No data;['The Egos', '2018 • 17 episodios', 'Leading Lady', 'Corto'];['Reparto', 'Guion', 'Producción'];Sin oscar
318;Pier Giorgio Bellocchio;1974;[''];['Reparto', 'Producción', 'Cámara y electricidad'];Sin Oscar
319;Sara Khorami;No data;['Ingenting å le av', 'Seizure', '2019 • 6 episodios', 'RoseRos(as Sarah Khouraki)', 'Social worker'];['Reparto'];Sin Oscar
320;Terry L. Fossum;No data;['My Perfect Love', 'Jonathan', '2023', '2020'];['Reparto', 'Producción'];Sin oscar
321;Steve Laplante;No data;[''];['Reparto', 'Guion'];Sin Oscar
322;Marc Robert;1973;['Babel', 'Feliz Navidad', 'Múnich', 'Micmacs'];['Reparto', 'Casting', 'Equipos adicionales'];Sin Oscar
323;Liam Clarke;No data;['Misterio en Venecia', 'The Marvels', 'Agencia Lockwood', '2023 • 3 episodios'];['Efectos visuales'];Sin oscar
324;Ricardo Pereira;1979;[''];['Reparto', 'Edición'];Sin Oscar
325;Jocko Willink;1971;['By Hand', '6,8', 'The Last of Times', 'Mayans M.C.', '2023 • 1 episodio'];['Reparto', 'Composición', 'Equipos adicionales'];Sin oscar
326;Benjamin Mathews;No data;[''];['Reparto', 'Dirección', 'Guion'];Sin Oscar
327;Buster Nowotny;No data;['Så jävla easy going'];['Reparto'];Sin oscar
328;Dogus Aslan;No data;['Mahir', '5,0', 'Corto', '6,7'];['Efectos visuales', 'Dirección', 'Efectos especiales'];Sin oscar
329;Judy Greer;1975;[''];['Reparto', 'Producción', 'Dirección'];Sin Oscar
330;Ana Cunha;No data;['Contado por Mulheres', '2022 • 1 episodio', '2010', '2016', 'Reparto'];['Reparto', 'Casting', 'Dirección'];Sin oscar
331;Johanna Hagen;No data;['Foodies', 'Smeris', '2017 • 1 episodio', 'Belle', 'Serie de TV'];['Reparto'];Sin oscar
332;Eva Hacurová;1993;[''];['Reparto'];Sin Oscar
333;Zen McGrath;2002;[''];['Reparto', 'Efectos visuales'];Sin Oscar
334;Lene Maria Christensen;1972;[''];['Reparto'];Sin Oscar
335;Gourab Chatterjee;No data;[''];['Reparto'];Sin oscar
336;Iyad Hajjaj;No data;[''];['Reparto', 'Producción', 'Dirección'];Sin Oscar
337;Common;1972;[''];['Reparto', 'Producción', 'Composición'];Ganó 1 premio Óscar
338;Luke Spellacy Shaw;No data;['Hunting at Midnight', 'Fatherland', 'Corto', '6,1'];['Dirección', 'Guion', 'Reparto'];Sin oscar
339;Arun Panneer Selvam;No data;['Iswarya Murugan'];['Reparto'];Sin oscar
340;Märten Matsu;No data;['Soo', 'Ema', 'Vabad mehed', '2015 • 2 episodios', 'Ilmar Ubin'];['Reparto'];Sin oscar
341;Tunde Bamgbode;No data;['Oosa Aafin', 'Vídeo', 'Vídeo', 'Vídeo'];['Reparto'];Sin oscar
342;Wesley Karstens;No data;['De Zeven Spiegels'];['Reparto'];Sin oscar
343;Sommer Branham;No data;[''];['Reparto', 'Guion', 'Producción'];Sin oscar
344;Ranojoy Bishnu;No data;[''];['Reparto'];Sin Oscar
345;Stephanie Falciano;1969;[''];['Reparto', 'Producción', 'Equipos adicionales'];Sin Oscar
346;Raimundo Puyol;No data;['Mister Nokaut', 'Somos los Carmona', '2014 • 1 episodio', 'Botones', 'Serie de TV'];['Reparto'];Sin oscar
347;Ivy Rhodes;No data;[''];['Reparto', 'Maquillaje'];Sin oscar
348;Bill Cooper;No data;[''];['Reparto', 'Producción', 'Dirección'];Sin oscar
349;Dominique Cooper;No data;[''];['Reparto'];Sin oscar
350;Peter Franke;1941;[''];['Reparto'];Sin Oscar
351;Sudheer Karamana;No data;[''];['Reparto'];Sin oscar
352;Carmine Giovinazzo;1973;[''];['Reparto', 'Guion', 'Producción'];Sin Oscar
353;Marina Aleksandrova;1982;[''];['Reparto'];Sin Oscar
354;Stefano Maniscalco;No data;['Karate Man', 'Gli speciali', '2023', '2016 • 1 episodio'];['Reparto'];Sin oscar
355;Daiki Yamashita;1989;['My Hero Academia', '2016–2023 • 137 episodios', 'Gurio Umino(voz)', 'Reparto(voz)', 'Serie de TV'];['Reparto', 'Banda sonora'];Sin Oscar
356;Ramya Nambeeshan;1986;[''];['Reparto', 'Música', 'Banda sonora'];Sin Oscar
357;Leopoldo Mastelloni;1945;['Las veinteañeras', 'Dimenticare Lisa', '1976 • 2 episodios', '2022', '1988'];['Reparto'];Sin oscar
358;Sigrid Johnson;No data;['Pequeña reina', 'Maria Wern, contagio fatal', '2018–2023 • 24 episodios', 'Emma', 'Serie de TV'];['Reparto'];Sin Oscar
359;Bruno Morales;No data;['Girasoles silvestres'];['Reparto'];Sin oscar
360;Rachel Andrews;No data;[''];['Reparto'];Sin oscar
361;Guia Jelo;1952;['La escolta', 'La piovra', '1998 • 2 episodios', '2008'];['Reparto'];Sin oscar
362;Daniel Costa;1981;[''];['Reparto', 'Banda sonora'];Sin oscar
363;Alexandria Isola;No data;[''];['Reparto', 'Guion', 'Dirección'];Sin oscar
364;Sienna Mae Gomez;No data;[''];['Reparto'];Sin oscar
365;John Ellison Conlee;1968;[''];['Reparto', 'Producción', 'Banda sonora'];Sin Oscar
366;Miko Nakagawa;No data;['Smoky&Bitter', 'Mariko', '2023'];['Reparto'];Sin oscar
367;Weronika Murek;No data;['Poskromienie zlosnicy', 'Przejscie', 'Maria nie zyje', '2020', 'Guion'];['Guion', 'Reparto'];Sin oscar
368;Lynnette West;No data;['Aurora 663'];['Reparto'];Sin oscar
369;Shishir Sharma;No data;[''];['Reparto', 'Producción'];Sin Oscar
370;Ilyass El Ouahdani;No data;[''];['Reparto'];Sin oscar
371;Nicolas Briançon;1962;['Engrenages (Spiral)', '2012–2019 • 37 episodios', 'Paul CaillacPierre Caillac', 'Serie de TV', '5,7'];['Reparto', 'Equipos adicionales'];Sin oscar
372;Hannes Fohlin;No data;[''];['Reparto'];Sin oscar
373;Robert H. Wainwright;No data;[''];['Reparto', 'Producción', 'Música'];Sin Oscar
374;John Schneider;1960;[''];['Reparto', 'Dirección', 'Producción'];Sin Oscar
375;Zolee Griggs;1997;[''];['Reparto'];Sin oscar
376;Aaron Courteau;No data;[''];['Reparto', 'Producción', 'Dirección de la segunda unidad o asistencia a dirección'];Sin oscar
377;William Katt;1951;[''];['Reparto', 'Dirección', 'Guion'];Sin Oscar
378;Mohit Gupta;1999;['Jawan', '1098'];['Equipos adicionales'];Sin oscar
379;Arshi Khan;No data;['Trahimam', 'Ishq Mein Marjawan', '2017 • 475 episodios', '2021 • 2 episodios', '2022 • 2 episodios'];['Reparto'];Sin oscar
380;Rubén Ochandiano;1980;[''];['Reparto', 'Dirección', 'Guion'];Sin Oscar
381;Gregory Branch;No data;['B-More Careful'];['Reparto'];Sin oscar
382;Walid Benmbarek;1980;[''];['Reparto'];Sin Oscar
383;Asta Kamma August;1991;[''];['Reparto'];Sin Oscar
384;Ísgerður Elfa Gunnarsdóttir;No data;[''];['Reparto'];Sin oscar
385;Paresh Rawal;1955;[''];['Producción', 'Reparto', 'Banda sonora'];Sin Oscar
386;Francesco Carril;1986;['Los ilusos', 'Sushi', '2018', 'Juan Sierra', 'Serie podcast'];['Reparto'];Sin Oscar
387;Dale McKeel;julio;[''];['Reparto', 'Guion', 'Dirección de la segunda unidad o asistencia a dirección'];Sin oscar
388;Taha Ünal;1995;['Stiletto Vendetta', '2017–2018 • 28 episodios', '2022', 'Timur'];['Reparto'];Sin oscar
389;Sidney Flanigan;1998;[''];['Reparto', 'Banda sonora'];Sin Oscar
390;Kyle Berg;No data;['Crossed', 'They Came from the Ether', 'Zombie Frat House', 'Horrid'];['Reparto', 'Producción', 'Guion'];Sin oscar
391;Katrina Reta;No data;['Accidents Happen', 'Comedy Inc.', '2003–2006 • 75 episodios', '2020', 'Obstetrician'];['Reparto'];Sin oscar
392;Niecy Nash;1970;[''];['Reparto', 'Producción', 'Dirección'];Nominado para 5 premios Primetime Emmy
393;Nacho Sánchez;No data;[''];['Reparto'];Sin Oscar
394;Erick Betancourt;No data;[''];['Reparto', 'Guion'];Sin oscar
395;Tirhas Haile;No data;['Know Your Place'];['Reparto'];Sin oscar
396;Jessy Holtermann;No data;[''];['Reparto', 'Producción', 'Equipos adicionales'];Sin Oscar
397;Júlio Alves;No data;['A Arte de Morrer Longe', 'Casa Manuel Vieira', 'O Regresso', 'Dirección'];['Dirección', 'Guion', 'Producción'];Sin Oscar
398;Zsazsa Utari;No data;['Satria Dewa: Gatotkaca', 'Acuerdo de boda: La serie', '2022–2023 • 13 episodios', '2019', '2021'];['Reparto', 'Banda sonora'];Sin oscar
399;Baz Black;No data;[''];['Reparto', 'Dirección', 'Guion'];Sin Oscar
400;Chandler Macocha;No data;[''];['Reparto', 'Dirección', 'Dirección de fotografía y cámara'];Sin oscar
401;Deimante Matiukaite;No data;['Tu mano deimantas', 'My Lithuanian Dream', '7,1', '7,1'];['Equipos adicionales', 'Reparto', 'Dirección de la segunda unidad o asistencia a dirección'];Sin oscar
402;Danny Hoskins;No data;['Indiana Jones and the Legend of Bimini', 'Second-Story Man', 'The Mystery of Her', 'Slow Down'];['Reparto'];Sin oscar
403;Tony Curtis Blondell;No data;[''];['Reparto', 'Producción', 'Especialistas'];Sin oscar
404;Nick Jameson;1950;[''];['Reparto', 'Equipos adicionales', 'Composición'];Sin oscar
405;Harry Varney;No data;['A Touch of Vengeance', 'Nothing Goes', 'Depicted Illusion', 'CATCH'];['Reparto', 'Sonido'];Sin oscar
406;Ari Groover;No data;[''];['Reparto', 'Guion', 'Composición'];Sin Oscar
407;Greta Prager;No data;[''];['Reparto'];Sin oscar
408;Chloe Fineman;1988;[''];['Reparto', 'Localización', 'Banda sonora'];Sin Oscar
409;Dieter Rupp;1967;['Sophie Scholl (Los últimos días)', 'Mi amigo Mr. Morgan', 'Sequoia', 'Trugschluss'];['Reparto'];Sin oscar
410;Sussie Ericsson;1963;[''];['Reparto', 'Banda sonora'];Sin oscar
411;Eva Bay;1983;[''];['Reparto', 'Efectos especiales', 'Banda sonora'];Sin oscar
412;Jane Clayton;1917;[''];['Reparto', 'Banda sonora'];Nominado para 2 premios Primetime Emmy
413;Ishak Issa;No data;['The Claire Wizard Thesis', 'Pigeon Blood Red', 'Producción', 'Lukey'];['Reparto', 'Guion', 'Producción'];Sin Oscar
414;Bart Johnson;diciembre;[''];['Reparto', 'Guion', 'Dirección'];Sin oscar
415;Annelie Hansson;No data;['Så jävla easy going'];['Reparto'];Sin oscar
416;Shayla Anderson;No data;['KIANA & Lou Celestino: wait on me'];['Cámara y electricidad'];Sin oscar
417;Fletcher Humphrys;1976;['La modista', 'Underbelly', '2008–2013 • 8 episodios', 'Jonathon GrantMatt WaldronJohn Hawkins', 'Bucky'];['Reparto'];Sin Oscar
418;Jagapathi Babu;1962;[''];['Reparto', 'Producción'];Sin Oscar
419;Sharon Taylor;No data;[''];['Reparto'];Sin Oscar
420;Shri Mahadev;No data;['Avalum naanum', 'Gajanana and gang', 'Iruvudellava Bittu', 'Padavi Poorva'];['Reparto'];Sin oscar
421;Rhea Seehorn;1972;[''];['Reparto', 'Producción', 'Dirección'];Nominado para 3 premios Primetime Emmy
422;Alka Badola Kaushal;No data;['Bajrangi Bhaijaan', 'La belleza y el enigma', 'Queen', 'Badhaai ho'];['Reparto', 'Producción'];Sin Oscar
423;Bethany Koulias;No data;['Oobered', '[Un]afraid', '8,7', '7,8'];['Reparto', 'Producción', 'Dirección de casting'];Sin oscar
424;Daryl Hrdlicka;No data;[''];['Reparto', 'Equipos adicionales', 'Guion'];Sin Oscar
425;Robert Steiner;No data;['Devils', '2020 • 10 episodios', 'Leonora addio', 'Book Club: Ahora Italia'];['Reparto'];Sin oscar
426;Seth Rogen;1982;[''];['Producción', 'Reparto', 'Guion'];Nominado para 5 premios Primetime Emmy
427;Arif Piskin;1970;['Dip', '2018 • 4 episodios', 'Yusuf Ortaçli', 'Serie de TV', 'Cahit'];['Reparto', 'Edición'];Sin oscar
428;Susi Sánchez;1955;[''];['Reparto', 'Banda sonora'];Sin Oscar
429;Josef Sturma;No data;['Kdyby radsi horelo', 'Velká premiéra'];['Reparto'];Sin oscar
430;Hrishitaa Bhatt;1981;[''];['Reparto', 'Producción'];Sin Oscar
431;Miguel Rellán;1943;[''];['Reparto', 'Guion', 'Composición'];Sin Oscar
432;Natacha Kudritskaya;No data;['Pequeñas casualidades'];['Reparto'];Sin oscar
433;Taja V. Simpson;1978;[''];['Reparto', 'Dirección', 'Producción'];Sin oscar
434;Jessica Baglow;1989;[''];['Reparto'];Sin oscar
435;Morgan Doelp;No data;[''];['Reparto'];Sin oscar
436;Ivan Colaric;No data;['Dnevnik velikog Perice', '2021 • 3 episodios', '2022', '2020', 'Self - Contestant'];['Reparto'];Sin oscar
437;José Guillermo Cortines;1973;[''];['Reparto', 'Dirección de casting', 'Música'];Sin oscar
438;Andrey Sergeev;1937;[''];['Guion', 'Dirección', 'Producción'];Ganó 1 premio Primetime Emmy
439;Samuel Labarthe;1962;[''];['Reparto', 'Banda sonora'];Sin oscar
440;Burghart Klaußner;1949;[''];['Reparto', 'Producción', 'Banda sonora'];Sin Oscar
441;Berta Sánchez;No data;['La influencia', 'Libélulas', 'Express', '2022 • 1 episodio', '2021'];['Reparto'];Sin oscar
442;Carlos Olalla;1957;['3 metros sobre el cielo', '[REC]²', 'Mar de Mármara', '7,1'];['Reparto', 'Guion'];Sin oscar
443;Nse Ikpe-Etim;No data;[''];['Reparto', 'Guion', 'Producción'];Sin Oscar
444;Monia Chokri;1983;[''];['Reparto', 'Dirección', 'Guion'];Sin Oscar
445;Maria Sundell;No data;['Thomas mot Thomas (en sensasjonell teori om det ubetydelige livet i multiverset)', 'Thomas P.', '2007 • 7 episodios', '2008', '2020'];['Reparto'];Sin oscar
446;William Beckwith;No data;[''];['Reparto'];Sin oscar
447;Ben Rollins;1962;[''];['Reparto', 'Equipos adicionales', 'Sonido'];Sin Oscar
448;Stéfi Celma;1986;[''];['Reparto', 'Banda sonora'];Sin oscar
449;Prabhu;1956;[''];['Reparto', 'Producción', 'Música'];Sin Oscar
450;Jazmine Caldwell;No data;"[""Life's Cycles""]";['Reparto'];Sin oscar
451;Danielle Loving;No data;['Candy Flip'];['Reparto'];Sin oscar
452;Victoria Adekoya;No data;['Who Sent You'];['Reparto', 'Guion', 'Producción'];Sin oscar
453;Tuva Albino;No data;['Så jävla easy going'];['Reparto'];Sin oscar
454;Baidya Nath Saha;No data;['Adom', 'Mukhosh', 'Transit'];['Reparto'];Sin oscar
455;Clarence Ryan;No data;[''];['Reparto'];Sin Oscar
456;Bethany Hazelitt;1990;[''];['Reparto', 'Guion', 'Producción'];Sin Oscar
457;Jeeva;1952;['Rangasthalam', 'Sarkar', 'Satya', 'Bharat Ane Nenu'];['Reparto'];Sin oscar
458;Cosmo Jarvis;1989;[''];['Reparto', 'Sonido', 'Dirección'];Sin Oscar
459;Gianni Salvo;No data;['Follia', '6,1', '6,8'];['Reparto'];Sin oscar
460;Julien Poulin;1946;[''];['Reparto', 'Dirección', 'Guion'];Sin Oscar
461;Kathryn Hahn;1973;[''];['Reparto', 'Producción', 'Guion'];Nominado para 3 premios Primetime Emmy
462;Artemis Pebdani;agosto;[''];['Reparto', 'Guion', 'Producción'];Sin oscar
463;Christopher Abbott;1986;[''];['Reparto', 'Producción', 'Banda sonora'];Sin Oscar
464;Kanna Ravi;1990;['Kaithi', 'Kuruthi Aattam', 'Veera', 'Rathasaatchi'];['Reparto'];Sin oscar
465;Adriano Luz;1959;[''];['Equipos adicionales', 'Reparto', 'Dirección'];Sin Oscar
466;Gabriella Mead;No data;[''];['Reparto'];Sin oscar
467;Audrey Latino;No data;"[""St. Jones' Ditch"", '2022', '2021', '2021']";['Reparto'];Sin oscar
468;Iggy Malmborg;1987;[''];['Reparto', 'Banda sonora'];Sin Oscar
469;Corrado Fortuna;1978;['My Name Is Tanino', 'Perduto amor', 'Alla luce del sole', 'A Roma con amor'];['Reparto', 'Dirección', 'Guion'];Sin Oscar
470;Amanda Cheyenne Bass;No data;['On Sacred Ground'];['Reparto'];Sin oscar
471;Brennan Murray;1988;[''];['Reparto'];Sin Oscar
472;Fazal Bacar-Moilim;No data;['Tropique de la violence'];['Reparto'];Sin oscar
473;Kirsten Russell;No data;[''];['Reparto', 'Producción', 'Dirección'];Sin Oscar
474;Aisha Dee;1993;[''];['Reparto', 'Música', 'Guion'];Sin Oscar
475;Patricia Dawson;No data;"['Paloma', 'Bate Coração', ""Meninas do Benfica (Benfica's Girls)"", '2022 • 1 episodio']";['Agente de talentos', 'Reparto'];Sin oscar
476;Petar Zekavica;1979;['Dara of Jasenovac', 'Vera', 'Vorovka', 'Aleks'];['Reparto', 'Producción'];Sin Oscar
477;Chelsea Harris;1990;[''];['Reparto'];Sin oscar
478;Jermaine Clyburn;No data;"[""A Mother's Day"", 'Serie de TV', 'Corto']";['Reparto'];Sin oscar
479;Noa Tambwe Kabati;No data;['H4Z4RD', 'WTFock', '2018–2021 • 34 episodios', '2022', 'Louis Dennis(as Noa Tambwe)'];['Reparto'];Sin oscar
480;Peter Kurth;1957;[''];['Reparto'];Sin Oscar
481;Luciano Bortoluzzi;No data;['The Battle of Shangri-la', 'Loop', 'Silvio Santos: O Sequestro', 'Carlos Cesar'];['Reparto'];Sin oscar
482;Isabela Garcia;1967;[''];['Reparto'];Sin oscar
483;Jacob Lohmann;1974;[''];['Reparto'];Sin Oscar
484;Hee Ching Paw;1947;['Fearless - Sin miedo', 'Mong bat liu', 'Tin shui wai dik yat yu ye', 'Chu bao'];['Reparto'];Sin Oscar
485;Félix Ticona;No data;['Utama'];['Reparto'];Sin oscar
486;Amaru Davis;No data;[''];['Reparto'];Sin Oscar
487;Isaac Saviñón;No data;[''];['Reparto', 'Producción', 'Guion'];Sin oscar
488;Jules Reid;No data;[''];['Reparto', 'Producción'];Sin oscar
489;Wilfred Keyru;No data;['Svoya voyna. Shtorm v pustyne', 'Zhizn po vyzovu', '2023 • 7 episodios', '2016', 'Reparto'];['Reparto'];Sin oscar
490;Camille Aguilar;No data;[''];['Reparto'];Sin oscar
491;Haukur M. Hrafnsson;1976;['La guerra del mañana', 'Cielo de medianoche', 'Rogue One. Una historia de Star Wars', 'Noé'];['Arte', 'Dirección', 'Reparto'];Sin Oscar
492;Tuncay Akpinar;No data;['Altin Kafes: The Golden Cage', '4,9', 'Room 7', 'Room 5', '2020'];['Cámara y electricidad', 'Reparto'];Sin oscar
493;Steve Filice;1967;[''];['Reparto', 'Producción'];Sin oscar
494;Hugo Diego Garcia;No data;[''];['Reparto', 'Dirección', 'Guion'];Sin Oscar
495;Kaylah Zander;No data;[''];['Reparto', 'Diseño de vestuario'];Sin oscar
496;Allison Victoria-Wolfe;octubre;[''];['Producción', 'Reparto', 'Guion'];Sin Oscar
497;Nina Mendes;No data;['Empire of Dirt', 'Nina Taylor', 'SPA TV Fantasia', '2002 • 1 episodio'];['Reparto', 'Dirección', 'Producción'];Sin oscar
498;Hüseyin Elmalipinar;1971;['Yari Yol', '6,3', 'Arka Sokaklar', '2006 • 1 episodio', '2009'];['Reparto'];Sin oscar
499;Vettai Muthukumar;1977;['Mahaan', 'Sarpatta Parambarai', 'Petta', 'Thangalaan'];['Reparto'];Sin oscar
500;Samuel Bäckman;No data;['Sweet Dollars', '2021', 'Edición', 'Drömmen om ett annat liv', '2019'];['Edición', 'Sonido', 'Guion'];Sin oscar
501;Floris Bosma;No data;['Goede tijden, slechte tijden', '2018–2019 • 141 episodios', '2022', '2022', 'Daan'];['Reparto'];Sin oscar
502;Donald Sutherland;1935;[''];['Reparto', 'Producción', 'Guion'];Ganó 1 premio Primetime Emmy
503;Dean Ashton;No data;[''];['Reparto'];Sin oscar
504;King Dillon;No data;['Jill & Jessa Counting On', '2017–2018 • 2 episodios', 'Self'];No data;Sin oscar
505;Céline Mauge;No data;"['Ça tourne à Saint-Pierre et Miquelon', ""Arezki, l'insoumis"", '4,6', 'Corto']";['Reparto', 'Producción', 'Equipos adicionales'];Sin oscar
506;Angelina Capozzoli;No data;[''];['Reparto'];Sin oscar
507;Stéphane Moukarzel;No data;['Nous avions', '2013', '2012', 'Dirección', 'Dirección'];['Dirección', 'Guion', 'Reparto'];Sin Oscar
508;Sheila Ball;No data;[''];['Reparto', 'Producción', 'Guion'];Sin Oscar
509;Natalia Azahara;No data;['A través de mi ventana', 'Estación Rocafort', 'Daniela', 'Daniela'];['Reparto'];Sin oscar
510;Dixit Rasikbhai Patel;No data;['Shareek 2'];['Reparto'];Sin oscar
511;Gary DeSanti;No data;[''];['Reparto'];Sin oscar
512;Alaudeen;No data;['Mahaan'];['Reparto'];Sin oscar
513;Daniel Christopher McCurry;No data;['I Heard You Buy Souls', 'Kerry(as Dan McCurry)', 'Dease(as Dan McCurry)', '2017'];['Reparto', 'Producción', 'Dirección'];Sin oscar
514;Austin Scott;1993;[''];['Reparto', 'Dirección', 'Guion'];Sin oscar
515;Aleksander Petrov;2013;['Sin señal', 'Nina'];['Reparto'];Sin oscar
516;Sahajak Boonthanakit;No data;[''];['Reparto', 'Producción'];Sin Oscar
517;Nelson Cheng;No data;[''];['Reparto', 'Producción', 'Guion'];Sin oscar
518;Eric Jefferson;No data;['Young & Reckless'];['Reparto'];Sin oscar
519;Chum Darang;1991;[''];['Reparto'];Sin Oscar
520;Niti Elezi;No data;['Winter Fireflies'];['Reparto'];Sin oscar
521;Chikako Fukuyama;No data;['Bond: Kizuna', 'Pursue', '2021', '1 episodio'];['Reparto', 'Producción', 'Equipos adicionales'];Sin oscar
522;Martinez Carlos;No data;['El Show de Óscar Burgos', 'Queremos Más con Óscar Burgos'];['Reparto'];Sin oscar
523;Anna Otin;No data;['Alcarràs', 'Carta a mi madre para mi hijo', '2022', '37 premios Goya', '2023'];['Reparto', 'Banda sonora'];Sin Oscar
524;Casey Lee McIntosh;1988;[''];['Reparto', 'Producción', 'Guion'];Sin oscar
525;Roxane Arnal;No data;['Madame Hyde', 'Increíble pero cierto', 'Invisible Friend', 'Les rois du monde'];['Reparto', 'Música', 'Edición'];Sin oscar
526;Antonia San Juan;1961;[''];['Reparto', 'Dirección', 'Guion'];Sin Oscar
527;Kyle Schmid;1984;[''];['Reparto', 'Producción', 'Guion'];Sin Oscar
528;Nikita Tarasov;1979;[''];['Reparto'];Sin oscar
529;Chandrachur Singh;1968;[''];['Reparto', 'Música', 'Dirección de la segunda unidad o asistencia a dirección'];Sin Oscar
530;Devadarshini Chetan;1975;[''];['Reparto'];Sin Oscar
531;Ursula Werner;1943;[''];['Reparto'];Sin Oscar
532;Andrew Leland Rogers;No data;[''];['Reparto', 'Producción', 'Guion'];Sin oscar
533;Maria Eugénia Amaral;No data;['Vadio'];['Reparto'];Sin oscar
534;Reza Pramez;No data;['Tuyul: Part 1', 'Ten: The Secret Mission', 'Iblis dalam Darah', 'Before Night Falls'];['Maquillaje', 'Reparto', 'Efectos especiales'];Sin Oscar
535;Simran Sehajpal;No data;['Patta Patta Singhan Da Vairi', 'Dakuaan Da Munda', 'Rupinder Gandhi 2: The Robin Hood', 'Dakuaan Da Munda 2'];['Reparto'];Sin oscar
536;Olivier Siou;1973;['Los inmortales', '1995 • 1 episodio', '20 heures le journal', '1981', '2023'];['Reparto', 'Guion'];Sin oscar
537;Kishore Kumar G.;1974;[''];['Reparto', 'Producción'];Sin Oscar
538;Elaine Kao;No data;[''];['Reparto', 'Producción', 'Equipos adicionales'];Sin Oscar
539;Fernando Tejero;1967;[''];['Reparto', 'Banda sonora'];Sin Oscar
540;Katsiaryna Shulha;1993;[''];['Reparto', 'Dirección'];Sin oscar
541;Alba Baptista;1997;[''];['Reparto', 'Dirección', 'Producción'];Sin Oscar
542;Funda Eskioglu;1964;['Hakan, el protector', '2020 • 1 episodio', '2017', '(2012-2013)', 'Serie de TV'];['Reparto'];Sin oscar
543;Max Katz;No data;[''];['Reparto'];Sin oscar
544;Tracy Tooley;No data;['The Good Fight'];['Reparto'];Sin oscar
545;Uzo Aduba;1981;[''];['Reparto', 'Producción', 'Banda sonora'];Ganó 3 premios Primetime Emmy
546;Harrison Daniels;No data;[''];['Reparto'];Sin oscar
547;Sobhita Dhulipala;1992;[''];['Reparto'];Sin Oscar
548;Nicole Beharie;1985;[''];['Reparto', 'Banda sonora'];Sin Oscar
549;José Fidalgo;1979;[''];['Reparto'];Sin Oscar
550;Casey Nelson;noviembre;[''];['Reparto', 'Guion', 'Producción'];Sin Oscar
551;Marine Vacth;1991;[''];['Reparto'];Sin Oscar
552;Krithi Shetty;2003;[''];['Reparto'];Sin Oscar
553;Dimitar Banenkin;No data;[''];['Reparto'];Sin oscar
554;Burak Zeyeralp;No data;['Arka Sokaklar', '2010 • 1 episodio', 'Reparto', 'Mustafa'];['Reparto'];Sin oscar
555;April Duran;No data;[''];['Reparto'];Sin oscar
556;Frances McDormand;1957;[''];['Reparto', 'Producción', 'Banda sonora'];Ganó 4 premios Óscar
557;Bobby Brown;2004;[''];['Reparto', 'Producción', 'Equipo ejecutivo'];Nominado para 2 premios Primetime Emmy
558;Lea Bankó;No data;['Slovo'];['Reparto'];Sin oscar
559;Madalen Mills;No data;[''];['Reparto', 'Banda sonora'];Sin Oscar
560;Claudia Medina;No data;['Receta de cocina', 'Finding Llorona', 'Entre el medio', '2002', '2011'];['Dirección', 'Guion', 'Edición'];Sin oscar
561;Leah Thompkins;No data;[''];['Reparto'];Sin oscar
562;Anoop;diciembre;[''];['Reparto', 'Banda sonora'];Sin oscar
563;Casey Adams;1917;[''];['Reparto', 'Música', 'Banda sonora'];Sin oscar
564;Albert Rudbeck Lindhardt;2001;[''];['Reparto'];Sin Oscar
565;Shane Robinson;No data;[''];['Reparto', 'Dirección', 'Guion'];Sin oscar
566;Jennifer True;1969;['Shadow Walkers', '2018 • 3 episodios', '2015–2016 • 3 episodios', '2022', '2021'];['Reparto', 'Producción'];Sin oscar
567;Lou-ap Abraham;No data;['Were It Not for Mama'];['Reparto'];Sin oscar
568;Ali Yogurtcuoglu;1984;['Mi mentira más dulce (Benim Tatli Yalanim)', '2019 • 28 episodios', '2022', '2014', 'Uluç'];['Reparto'];Sin oscar
569;François Pérusse;1960;[''];['Guion', 'Reparto', 'Composición'];Sin Oscar
570;Nakshatra Nagesh;No data;['As I Am Suffering from Kadhal', '2017 • 9 episodios', 'Vanigan', 'RJ Divya'];['Reparto'];Sin oscar
571;Harish Dudhade;No data;['Tumchi Mulgi Kay Karte', '2021–2022 • 344 episodios', '2018', '2019', '2015 • 759 episodios'];['Reparto'];Sin oscar
572;Marianne Antuma;No data;['Fazant'];['Reparto'];Sin oscar
573;Cevin Clark;No data;['T Bird', '2023', '2023', '2006'];['Reparto', 'Producción'];Sin oscar
574;Burn Gorman;1974;[''];['Reparto', 'Banda sonora'];Sin Oscar
575;Shae Landers;No data;[''];['Reparto'];Sin oscar
576;Harold Bridgeforth;1983;[''];['Reparto', 'Arte', 'Producción'];Sin Oscar
577;Taner Rumeli;1985;['Bas Belasi', '2021 • 13 episodios', '2022', 'Can', 'Serie de TV'];['Reparto'];Sin oscar
578;Kamrul Hossain Mihir;No data;['D@bbe', 'Blade Runner: Apagón 2022', '2017', '2018'];['Reparto', 'Localización', 'Guion'];Sin oscar
579;Danica Curcic;1985;[''];['Reparto', 'Banda sonora'];Sin Oscar
580;Khaul Ahmed;No data;['Mere Desh Ki Dharti'];['Reparto'];Sin oscar
581;Carmen Maura;1945;[''];['Reparto', 'Banda sonora'];Sin Oscar
582;Alon McKlveen;1998;['Outer Banks', '2020 • 1 episodio', '2022', '2022', 'Receptionist'];['Reparto', 'Localización', 'Dirección de la segunda unidad o asistencia a dirección'];Sin oscar
583;Ana Wagener;1962;[''];['Reparto', 'Equipos adicionales', 'Banda sonora'];Sin Oscar
584;Jacob Young;1979;[''];['Reparto', 'Producción', 'Banda sonora'];Sin Oscar
585;Geneviève Beaudet;No data;['Séquelles', '2016 • 2 episodios', '2022', '2022', '2017'];['Reparto'];Sin oscar
586;Alma Rosenbeck;No data;['Volta', 'Corto', '6,7', 'Grand-Ecart'];['Reparto'];Sin oscar
587;Eddie Baroo;1968;[''];['Reparto', 'Guion', 'Guion y continuidad'];Sin Oscar
588;Emma Colwell;No data;[''];['Reparto'];Sin oscar
589;Paris Allen;1990;[''];['Reparto'];Sin oscar
590;Yitie Liu;No data;['Sharpshooter', 'Ji xing mou sha', '2023', 'Reparto'];['Reparto'];Sin oscar
591;José Chaves;No data;['Diario de una ninfómana', 'Mario Conde, los días de gloria', '2013 • 2 episodios', 'Amancio', 'Marido Portera'];['Reparto', 'Equipos adicionales'];Sin oscar
592;Abigail Cowen;1998;[''];['Reparto', 'Banda sonora'];Sin oscar
593;Emre Yilmaz;No data;[''];['Reparto'];Sin oscar
594;Sewell Whitney;No data;[''];['Reparto'];Sin oscar
595;Rafael Gareisen;1994;[''];['Reparto'];Sin Oscar
596;Anindya Chatterjee;No data;[''];['Reparto', 'Dirección de producción'];Sin oscar
597;Lauren Sowa;febrero;[''];['Reparto', 'Producción', 'Dirección'];Sin Oscar
598;Geyner Bermúdez;No data;['El Deseo Del Pescador Y La Muerte De La Mujer', 'Mortimer', 'Sastre', 'Sastre'];['Reparto'];Sin oscar
599;Rosanna Pilcher;No data;"['Abundant Sunshine', ""Ether's Paradise"", '6,7', 'Spinner']";['Reparto'];Sin oscar
600;Uma Thurman;1970;[''];['Reparto', 'Producción', 'Guion'];Nominado para 1 premio Óscar
601;Juan Chioran;1963;[''];['Reparto', 'Equipos adicionales', 'Banda sonora'];Sin Oscar
602;Ta'j;No data;[''];['Reparto'];Sin Oscar
603;Joe Zalias;No data;['A killer outside', 'Corto', 'Guion', '2021'];['Reparto', 'Producción', 'Guion'];Sin Oscar
604;Stephen Knox;1963;['American Graffiti'];['Reparto'];Sin oscar
605;Junko Cheng;No data;[''];['Reparto'];Sin oscar
606;Clare Agius;No data;['Ágora', 'Resucitado', 'Simshar', 'Uwijja'];['Reparto'];Sin Oscar
607;Nicholas M. Garofolo;No data;['Insomniac Frightmare Killers', 'Corto', 'Corto', 'Corto'];['Reparto', 'Producción', 'Guion'];Sin Oscar
608;Raymond Power;No data;[''];['Reparto', 'Producción', 'Cámara y electricidad'];Sin oscar
609;Kamala Israfilova;No data;[''];['Reparto'];Sin oscar
610;H. Jon Benjamin;1966;[''];['Reparto', 'Guion', 'Producción'];Nominado para 1 premio Primetime Emmy
611;Alfie Cain;No data;['Donkey Dust', 'Corto'];['Reparto'];Sin oscar
612;Will Brittain;1990;[''];['Reparto', 'Dirección', 'Guion'];Sin oscar
613;Simran;1976;[''];['Reparto'];Sin Oscar
614;Yener Sezgin;1971;['Gazi', '2008 • 7 episodios', 'Reparto', 'Serie de TV', '6,8'];['Reparto'];Sin oscar
615;Claudio Santamaria;1974;[''];['Reparto', 'Dirección', 'Guion'];Sin Oscar
616;Marlee Wilson;No data;No data;No data;Sin oscar
617;Suriya;1975;[''];['Reparto', 'Producción', 'Música'];Sin Oscar
618;Joey Ruggiero;No data;[''];['Reparto', 'Producción', 'Edición'];Sin oscar
619;Momma Dee;1963;[''];['Reparto', 'Producción'];Sin oscar
620;Tim Heidecker;1976;[''];['Guion', 'Reparto', 'Producción'];Sin Oscar
621;Tim McInnerny;1956;[''];['Reparto'];Sin oscar
622;Matthias Lojewski;No data;[''];['Reparto', 'Guion', 'Sonido'];Sin oscar
623;Sachin Shroff;1972;['C.I.D.', '2010 • 1 episodio', 'Amber ShastrAmber Shastri', 'Serie de TV', 'Serie de TV'];['Reparto'];Sin oscar
624;Hakeem Sharif;No data;[''];['Reparto'];Sin oscar
625;Murray SawChuck;No data;[''];['Reparto', 'Dirección', 'Guion'];Sin Oscar
626;Frederique Gudelj;No data;['Cielo de Agua', '5,9'];['Reparto'];Sin oscar
627;Sean Pickering;No data;['Rise of the Zombie Dolls', 'Cloud 9', '2,9', 'Corto'];['Reparto', 'Guion', 'Producción'];Sin oscar
628;Ulf Pilgaard;1940;[''];['Reparto', 'Guion', 'Banda sonora'];Sin Oscar
629;Lucie Arnaz;1951;[''];['Reparto', 'Producción', 'Equipos adicionales'];Ganó 1 premio Primetime Emmy
630;Johan Ehn;No data;[''];['Reparto'];Sin oscar
631;Dalila Carmo;1974;[''];['Reparto'];Sin Oscar
632;Danny Ramirez;1992;[''];['Reparto', 'Producción', 'Guion'];Sin oscar
633;Chandu Kanuri;2006;[''];['Reparto', 'Música', 'Dirección'];Sin oscar
634;José Pescina;No data;[''];['Reparto', 'Producción', 'Guion'];Sin oscar
635;Rodela Rangan Riddo;No data;['Adom', 'Iti, Tomari Dhaka'];['Reparto'];Sin oscar
636;Lincoln Claar Sr.;No data;['Mr. Darkness'];['Reparto'];Sin oscar
637;Wyatt Oleff;2003;[''];['Reparto', 'Dirección', 'Dirección de la segunda unidad o asistencia a dirección'];Sin Oscar
638;Fanny Ardant;1949;[''];['Reparto', 'Dirección', 'Guion'];Sin Oscar
639;Jose Eduardo Moreno;No data;['Cuestión de Corbatas', 'Háblame de ti', 'Untitled Make a Wish/Feature Film Saga', 'Dirección o asistencia de la segunda unidad(as José Eduardo Cortés, second unit)'];['Dirección de la segunda unidad o asistencia a dirección', 'Producción', 'Dirección'];Sin oscar
640;Müfit Can Saçinti;1968;['Yasamak Güzel Sey', 'Maskeler De Düser', 'Babamin Ceketi', 'Zengin Kiz Fakir Oglan', '2012–2015 • 135 episodios'];['Reparto', 'Guion', 'Dirección'];Sin oscar
641;Ravinder Grewal;No data;['Aiven Raula Pai Gaya', 'Tera Mera Ki Rishta', 'Munde U.K. De', 'Judge Singh LLB'];['Reparto', 'Música', 'Producción'];Sin oscar
642;Sean Munnelly;No data;['Philadelphia: The Great Experiment', '2015 • 1 episodio', '2022', 'Thomas Paglone'];['Reparto'];Sin oscar
643;DJ Xplosive;No data;['Body Count', 'Videoclip'];['Reparto'];Sin oscar
644;Carmen Delgado;No data;['Vivir toda la vida', '2021', '1999 • 69 episodios', 'Mamá de Sofía', 'Serie de TV'];['Reparto'];Sin Oscar
645;Nicolas Perez Lenzuen;No data;['REUS LA VUELTA AL BARRIO'];['Reparto'];Sin oscar
646;Rosa Robson;No data;[''];['Reparto'];Sin oscar
647;Delaney Morgan;No data;['Deep Space', 'Persecución mortal', 'A.M.I.', 'Un precio justo'];['Arte'];Sin oscar
648;Qonisha Earl;No data;[''];['Reparto', 'Sonido', 'Dirección'];Sin oscar
649;Sami Alasara;1972;['Toinen mies', 'Routa', '3,8', 'Sipoon Herttua', '2018 • 2 episodios'];['Reparto'];Sin oscar
650;Eric Prestley;No data;"[""A Wolf in Sheep's Clothing"", 'Corto', '8,4', 'Dr. Palma']";['Reparto', 'Dirección', 'Guion'];Sin oscar
651;Fritz Lordick;No data;['JGA: Jasmin. Gina. Anna.', 'Um Himmels Willen', '2021 • 1 episodio'];['Reparto'];Sin oscar
652;Avantika Akerkar;No data;['Mission Majnu', 'El nuevo exótico Hotel Marigold', '83', 'Sense8', '2015–2017 • 6 episodios'];['Reparto'];Sin oscar
653;Colleen Keogh;No data;[''];['Reparto'];Sin oscar
654;Manish Kumar;No data;['El gato con botas', 'Los pingüinos de Madagascar', 'El corral: Una fiesta muy bestia', 'Baba Yaga', '2020'];['Animación', 'Reparto', 'Guion'];Sin Oscar
655;Elsie Fisher;2003;[''];['Reparto', 'Música', 'Banda sonora'];Sin Oscar
656;Ronald Kerns Jr.;No data;['Tea Street'];['Reparto'];Sin oscar
657;Jaden Tolliver;No data;['Mis dos vidas', 'I Do', 'Ley y orden: Crimen organizado', '2022 • 1 episodio', '2018'];['Reparto'];Sin oscar
658;Haoran Liu;1997;[''];['Reparto'];Sin Oscar
659;Thomas Bettencourt;No data;['Volta'];['Reparto'];Sin oscar
660;Ludvig Pedersen Hoøen;No data;['Royalteen'];['Reparto'];Sin oscar
661;Tom White;No data;[''];['Reparto'];Sin Oscar
662;Maddie Nichols;enero;[''];['Reparto'];Sin oscar
663;Francisco Soto Jr.;No data;[''];['Reparto', 'Equipos adicionales'];Sin oscar
664;Tileda Moore;No data;"['Were It Not for Mama', 'The School in the Woods', ""Innocent's Way: The Short"", 'Philosophy of Hate']";['Reparto', 'Equipos adicionales'];Sin oscar
665;Mitchell Vanlerberg;No data;['Young Ronin', 'Young Ronin II'];['Dirección', 'Reparto', 'Guion'];Sin oscar
666;Nathalie J. Alarcon;1989;[''];['Reparto'];Sin oscar
667;Rami Heuberger;1963;[''];['Reparto', 'Guion'];Sin Oscar
668;Shiwanesh G. Hadgu;No data;['Know Your Place', 'Hagereseb', '2015'];['Reparto'];Sin oscar
669;Michael Deni;No data;[''];['Reparto', 'Equipos adicionales', 'Producción'];Sin oscar
670;Esther Anderson;1979;[''];['Reparto', 'Edición'];Sin Oscar
671;Shataf Figar;No data;[''];['Reparto'];Sin oscar
672;Ashim Roy Chowdhury;No data;['Jongole Mitin Mashi', 'Bindaas', 'Mayaa', 'Kidnap'];['Reparto'];Sin oscar
673;Gladys Iturra Beiza;No data;['Here Out West'];['Reparto'];Sin oscar
674;Nivin Pauly;1984;[''];['Reparto', 'Producción'];Sin Oscar
675;Deki Lhamo;No data;['The Monk and the Gun'];['Reparto'];Sin oscar
676;Bunmi Aboderin;No data;['The Widow', '4,0', '5,4'];['Reparto', 'Equipos adicionales'];Sin oscar
677;Desiree Henry;No data;['Boxer vs. Wrestler', '5,3', 'Corto', '3,8'];['Reparto'];Sin oscar
678;Marcos Crespo;No data;['Alamedadosoulna la película'];['Reparto'];Sin oscar
679;Josie Broyles;No data;['Summer Skies'];['Reparto'];Sin oscar
680;Victoria Hopkins;No data;[''];['Reparto', 'Diseño de vestuario', 'Dirección'];Sin oscar
681;Khushi Shah;No data;[''];['Reparto'];Sin oscar
682;Satomi Arai;1980;[''];['Reparto', 'Banda sonora'];Sin Oscar
683;Dustin Nguyen;septiembre;[''];['Reparto', 'Dirección', 'Producción'];Sin Oscar
684;Muzi Li;No data;['Hao xiao zi hao gong fu', 'Serie de TV', '7,4'];['Reparto', 'Dirección'];Sin Oscar
685;Agni Scott;No data;[''];['Reparto'];Sin oscar
686;Gloriana de Praga;No data;['La Hija de la Muerte'];['Reparto'];Sin oscar
687;Namir Smallwood;No data;['Rounding', 'Chicago Fire', '2012 • 1 episodio', 'Jarius', 'Serie de TV'];['Reparto'];Sin oscar
688;Adrian Blanchard;No data;['Speak No Evil'];['Reparto'];Sin oscar
689;Peter Toomey;No data;['The Bicycle Man', 'Red Larceny', '5,1', 'Mr. Sutters'];['Reparto'];Sin oscar
690;Katherine Levac;No data;[''];['Reparto'];Sin Oscar
691;Louis Partridge;2003;[''];['Reparto'];Sin oscar
692;Irene Esser;No data;[''];['Reparto'];Sin Oscar
693;Marion Cadeau;No data;"['Más que nunca', ""Qu'est-ce qu'elle a ma famille?"", '2022']";['Reparto'];Sin oscar
694;Laura Berlin;1990;[''];['Reparto', 'Banda sonora'];Sin Oscar
695;Keir Pountney;No data;['Partner in Crime', 'The Quiet One', 'Making Friends as the World Ends', 'Graham Grigor'];['Reparto'];Sin oscar
696;Mesut Aslan;No data;['Çiftlik', 'Paranoid: Everything Wipe from the Beginning', 'Arka Sokaklar', '2017–2019 • 37 episodios', 'Doktor'];['Vestuario', 'Reparto', 'Dirección'];Sin oscar
697;Johnny French;No data;[''];['Reparto'];Sin Oscar
698;Samir Arab;No data;['Little Wenzhou', '2009', 'Mehdi', 'The Tunnel', '2016 • 1 episodio'];['Reparto'];Sin oscar
699;Boris Ostan;1960;['Varuh meje', 'Vrtickarji', '1999–2003 • 46 episodios', '2022'];['Reparto'];Sin oscar
700;Mohammad Ali Baig;No data;[''];['Reparto'];Sin oscar
701;Benjamin Curns;No data;['Batman: Master of Fear', 'The Blacklist', '2021 • 1 episodio', '2022', '2007'];['Reparto'];Sin oscar
702;David Peacock;No data;['Thunderbirds Are Go', '2015–2020 • 78 episodios', '2005', 'Sonido', 'Serie de TV'];['Sonido', 'Equipos adicionales', 'Casting'];Sin Oscar
703;Mutlunur Lafçi;No data;['Senden Daha Güzel', '2022 • 13 episodios', 'Suna(2020)', 'Ayse Bülbül', 'Serie de TV'];['Reparto'];Sin oscar
704;Fred Melamed;mayo;[''];['Reparto', 'Producción', 'Guion'];Sin Oscar
705;Houston Rhines;marzo;[''];['Reparto', 'Dirección', 'Guion'];Sin oscar
706;Raúl Niño;No data;['Mystery of the Maya', '1995'];['Vestuario', 'Maquillaje'];Sin oscar
707;Mahmoud Kasalkheh;No data;['Aile Arasinda', 'Ayla: La hija de la guerra', 'The Ottoman Lieutenant', 'Müslüm'];['Especialistas', 'Efectos especiales', 'Reparto'];Sin oscar
708;Phoenix T. Bell;No data;[''];['Reparto', 'Especialistas'];Sin oscar
709;Mikel Bustamante;No data;[''];['Reparto', 'Producción', 'Dirección'];Sin Oscar
710;Stéphane Pezerat;No data;['Una policía en apuros', 'Los traductores', 'Flashback', 'El caso Oussekine', '2022 • 2 episodios'];['Reparto'];Sin oscar
711;S. Bhavana;1911;['Jaga Mechida Maga', 'Ashasundari', 'Gandharvya Kanya', 'Simha Swapna'];['Guion', 'Producción'];Sin oscar
712;Jainal Jack;No data;['Puff Daddy', 'Matinee Show', 'The Birth Land', '5,7'];['Reparto'];Sin oscar
713;Luc Tran;No data;"[""Baby Signing Time Vol. 4: Let's Be Friends"", '2008', 'Signing Child']";['Reparto'];Sin oscar
714;Revna Çolak;No data;['Bir Litre Gözyasi', '2018 • 13 episodios', 'Reparto', 'Serie de TV', '7,3'];['Reparto'];Sin oscar
715;Jule Böwe;1969;['Gefangene', 'Das kalte Herz', 'The Ordinaries', 'Silencio de hielo'];['Reparto', 'Equipos adicionales'];Sin Oscar
716;Anne Loiret;1963;"['La vida de Adèle', 'Elle', 'Les Dames', '2012–2015 • 7 episodios', ""Anne D'autricheAnne d'Autriche""]";['Reparto'];Sin oscar
717;Janice Spencer-Wise;No data;['Rite of the Shaman', 'Quaestio', 'Polygamy Gone Wrong', '2020'];['Reparto', 'Guion', 'Arte'];Sin Oscar
718;Koen De Bouw;1964;[''];['Reparto'];Sin Oscar
719;Amariah Byers;No data;['A such thing as Too Late'];['Reparto'];Sin oscar
720;Lilith Stangenberg;1988;[''];['Reparto', 'Banda sonora'];Sin Oscar
721;Nihan Büyükagaç;1981;[''];['Reparto', 'Música'];Sin oscar
722;Pankaj Berry;1932;['Tenali Rama', '2017–2020 • 677 episodios', 'A.C.P. AkashRameshSushil', 'Jayant', 'Reparto'];['Reparto'];Sin Oscar
723;Alison Araya;No data;[''];['Reparto'];Sin Oscar
724;Marty Maguire;No data;"['Vikingos', '2015 • 2 episodios', ""Minister O'HareMinister O'Hara"", 'Miniserie de TV', '7,2']";['Reparto', 'Guion'];Sin oscar
725;John Mitchell Jr.;1874;[''];['Reparto', 'Banda sonora'];Sin oscar
726;Hristo Petkov;1980;[''];['Reparto'];Sin Oscar
727;Leif Holt;No data;[''];['Reparto', 'Producción', 'Dirección de la segunda unidad o asistencia a dirección'];Sin oscar
728;Kyle Price;No data;['Love @ First Night', '2016–2017 • 20 episodios', '2021'];['Reparto'];Sin oscar
729;Keiona;No data;['Diamond Girls', 'Broken Covenant: The Movie', 'Why Do Men Cheat? The Movie', 'Indictment: Who Is Jonathan Carter?'];['Reparto'];Sin oscar
730;Chandan Gill;No data;['Warning', 'Lover', 'Dil Diyan Gallan', 'Posti'];['Reparto'];Sin oscar
731;Sergio Calderón;1945;[''];['Reparto'];Sin oscar
732;Kourtney Ryann;No data;[''];['Reparto', 'Equipos adicionales'];Sin oscar
733;Charlie Steers;1980;[''];['Reparto', 'Equipos adicionales', 'Dirección'];Sin Oscar
734;Ezrah Lin;No data;[''];['Reparto'];Sin oscar
735;Nick Santoro;No data;[''];['Reparto', 'Guion', 'Dirección'];Sin oscar
736;Carl Hegemann;No data;['Der fliegende Holländer', 'Corto', '6,6', '7,4'];['Edición', 'Reparto', 'Guion'];Sin oscar
737;Hank Meleski Jr.;No data;[''];['Reparto', 'Producción', 'Dirección de casting'];Sin oscar
738;Anghel Damian;1991;[''];['Reparto', 'Guion', 'Dirección'];Sin Oscar
739;Sujith Shanker;No data;[''];['Reparto'];Sin oscar
740;Ingrid Palomares;No data;[''];['Reparto'];Sin oscar
741;Matt Scott;No data;[''];['Dirección de la segunda unidad o asistencia a dirección', 'Dirección', 'Guion'];Sin oscar
742;Olga Temonen;1978;[''];['Reparto', 'Dirección de la segunda unidad o asistencia a dirección', 'Equipos adicionales'];Sin Oscar
743;Boris Johnson;1964;[''];['Equipos adicionales', 'Reparto', 'Banda sonora'];Nominado a 1 premio BAFTA
744;Noemi Cognigni;No data;['Pop Black Posta', 'Karate Man', 'Magari resto', 'Operazione Spartacus: La casalese'];['Reparto'];Sin oscar
745;Tony Doyle;1935;[''];['Reparto'];Sin Oscar
746;Margaret Colin;1958;[''];['Reparto'];Sin Oscar
747;Eric Bana;1968;[''];['Reparto', 'Guion', 'Producción'];Sin Oscar
748;Katja Sallay;No data;['5 Seasons - eine Reise', '5,7', '5,5', '6,2'];['Reparto', 'Cámara y electricidad', 'Dirección'];Sin oscar
749;Louise Ribiere;No data;['Don Juan', 'Los amantes del engaño', 'Dunk', 'Qui a parlé de fin'];['Reparto'];Sin oscar
750;Rita Wilson;1956;[''];['Reparto', 'Producción', 'Dirección'];Sin Oscar
751;João Arrais;1995;[''];['Reparto'];Sin Oscar
752;Morten Hee Andersen;1991;[''];['Reparto'];Sin Oscar
753;Isabela Neamtu;No data;['Clouds of Chernobyl', 'Viata mea sexuala', 'Diaz. No limpiéis esta sangre', 'The Premonition', '2007'];['Reparto'];Sin oscar
754;Mithun Chakraborty;1950;[''];['Reparto', 'Música', 'Equipos adicionales'];Sin Oscar
755;Donna Biscoe;1955;[''];['Reparto', 'Guion y continuidad'];Sin oscar
756;Nelly Strömberg;No data;['Isolering', 'Analogt', '2023'];['Reparto'];Sin oscar
757;James E. Clark;No data;[''];['Reparto', 'Guion'];Sin oscar
758;Ethan Daniel Corbett;No data;[''];['Reparto', 'Producción', 'Guion'];Sin Oscar
759;Amir Nassim;No data;['Illegal Savannah'];['Reparto'];Sin oscar
760;Michael Placencia;No data;[''];['Reparto', 'Producción', 'Dirección'];Sin oscar
761;Nur Sulay Sevimli;No data;['Hayvan'];['Reparto'];Sin oscar
762;Runnan Zhao;No data;['Better Days', 'Duan · Qiao', 'Guan yu Tang yi sheng de yi qie', '2022 • 36 episodios'];['Reparto'];Sin oscar
763;Benedict Esdale;No data;[''];['Reparto'];Sin oscar
764;Léna Laprès;No data;[''];['Reparto', 'Equipos adicionales', 'Dirección de la segunda unidad o asistencia a dirección'];Sin oscar
765;Jaxon Baboulis;No data;[''];['Reparto'];Sin oscar
766;Chris Clark;No data;['El irlandés', 'Johnny English', 'Todo el dinero del mundo', 'Legend'];['Producción', 'Dirección', 'Guion'];Sin Oscar
767;Ramtin Parvaneh;No data;[''];['Reparto', 'Guion', 'Dirección'];Sin oscar
768;André Jung;1953;['El experimento', 'Polizeiruf 110', '1996–2019 • 5 episodios', 'Wanda, mein Wunder'];['Reparto'];Sin Oscar
769;Ellen Taure;No data;['Pequeña reina', 'Familjen Andersson', '2024 • 1 episodio'];['Reparto'];Sin oscar
770;Jason Smith;1984;[''];['Reparto', 'Producción', 'Guion'];Sin Oscar
771;Cameron Ashplant;No data;[''];['Reparto', 'Guion', 'Producción'];Sin Oscar
772;Elena Funari;No data;['El cazador', '2021 • 7 episodios', 'Francesca Borghi', 'Rebecca', 'Alice'];['Reparto'];Sin oscar
773;Mike David;No data;['Redbar', '2003–2023 • 141 episodios', 'Producción', 'Producción', 'Producción'];['Producción', 'Dirección de fotografía y cámara', 'Arte'];Sin oscar
774;Slimane Dazi;1960;[''];['Reparto'];Sin Oscar
775;Kasper Møller Rask;1993;['November', '2018', 'Guion(creator)', 'Corto', 'Guion'];['Guion', 'Dirección', 'Reparto'];Sin Oscar
776;Raul A. Perez;No data;['Bristol Fashion', 'Double Feature', 'Anger'];['Reparto', 'Composición', 'Sonido'];Sin oscar
777;Stephanie Cole;1941;[''];['Reparto', 'Banda sonora'];Sin Oscar
778;Asaf Hertz;No data;[''];['Reparto'];Sin oscar
779;Yael Levental;1968;[''];['Reparto', 'Guion'];Sin oscar
780;Sean Carvajal;No data;"['Causeway', ""Madeline's Madeline"", 'New Amsterdam', '2022 • 1 episodio', 'Reparto']";['Reparto', 'Equipos adicionales'];Sin Oscar
781;Robin S. Roth;No data;[''];['Reparto'];Sin Oscar
782;Kanupriya Gupta;1992;['Gehraiyaan', 'Ek Thi Daayan', 'Aashram', '2020 • 6 episodios', 'Aaliya'];['Reparto'];Sin oscar
783;Melanie Nicholls-King;No data;[''];['Reparto', 'Producción', 'Especialistas'];Sin Oscar
784;Richard Bhakti Klein;No data;[''];['Reparto', 'Casting', 'Dirección de casting'];Sin oscar
785;Jansen Panettiere;1994;[''];['Reparto', 'Equipos adicionales', 'Guion'];Sin Oscar
786;Payel Sarkar;1978;[''];['Reparto'];Sin oscar
787;József Gallai;1988;[''];['Guion', 'Dirección', 'Producción'];Sin Oscar
788;Rajib Kro;No data;['La última hora', '2021 • 8 episodios'];['Casting'];Sin oscar
789;Ashwin Kumar Lakshmikanthan;1991;"['Enai Noki Paayum Thota', 'Tharunam', ""Adhi's co-worker"", 'Reparto']";['Reparto'];Sin oscar
790;Kristen Hung;No data;['Sex, Blood and Fairy Tales', 'Libby', '2013', '2010', '2022'];['Reparto', 'Casting'];Sin Oscar
791;Raymond Mota;No data;['Oculus', 'Ganther', 'Officer Nick Burns', '2025'];['Reparto'];Sin oscar
792;Aitziber Garmendia;1982;['Ocho apellidos vascos', 'Martin', 'La buena hija', 'Mantícora'];['Reparto'];Sin oscar
793;Trey Freeman;No data;['The Fighter', 'La invención de Hugo', '¡Menudo fenómeno!', 'Buenas noches, y buena suerte.'];['Efectos visuales', 'Edición', 'Reparto'];Sin oscar
794;Adithya Menon;1974;['Karthikeya 2', 'Eega', 'Captain', 'Game On'];['Reparto'];Sin oscar
795;Ava Rai Barnett;No data;['Untangled'];['Reparto'];Sin oscar
796;Joshua Burnett;No data;[''];['Reparto', 'Dirección de la segunda unidad o asistencia a dirección', 'Guion'];Sin oscar
797;Amr Saad;1977;[''];['Reparto', 'Guion'];Sin Oscar
798;Ave Ellison;No data;['A such thing as Too Late'];['Reparto'];Sin oscar
799;Alexander Virenhem;No data;['El triángulo de la tristeza', 'Så jävla easy going', 'Valter', 'Eric'];['Reparto'];Sin oscar
800;Gurpreet Ghuggi;1971;[''];['Reparto', 'Música', 'Guion'];Sin Oscar
801;Santiago Fumagalli;No data;['Argentina, 1985', 'Muere, monstruo, muere', 'La cordillera', 'El invierno'];['Sonido', 'Reparto', 'Dirección de la segunda unidad o asistencia a dirección'];Sin Oscar
802;Lorenzo Bentivoglio;No data;['Vache Folle', 'Corto', 'Victor'];['Reparto', 'Producción', 'Dirección'];Sin Oscar
803;Iris Mealor Olsen;No data;['Bron (El puente)', '2018 • 7 episodios', 'Louise, barn', 'Serie de TV'];['Reparto'];Sin oscar
804;Ignacio Ysasi;1977;[''];['Casting', 'Reparto', 'Edición'];Sin oscar
805;Emmanuel Okeny Lodi;No data;['Forced'];['Reparto'];Sin oscar
806;Janet Porter;No data;[''];['Reparto', 'Equipos adicionales'];Sin oscar
807;Neetu Singh;1958;[''];['Reparto', 'Diseño de vestuario', 'Vestuario'];Sin Oscar
808;Lisagaye Tomlinson;No data;[''];['Reparto', 'Producción', 'Guion'];Sin oscar
809;King Orba;No data;[''];['Arte', 'Reparto', 'Equipos adicionales'];Sin Oscar
810;Ankush Hazra;1989;[''];['Reparto'];Sin Oscar
811;Michelle Federer;1973;[''];['Reparto'];Sin oscar
812;Yoshi Sudarso;1989;[''];['Reparto', 'Producción'];Sin Oscar
813;Kate Hallett;No data;[''];['Reparto'];Sin Oscar
814;Blazko Scaniglia;No data;['Caballero Águila'];['Reparto'];Sin oscar
815;Eugene Mirman;1974;[''];['Reparto', 'Guion', 'Producción'];Sin oscar
816;Prateik Patil Babbar;1986;[''];['Reparto'];Sin Oscar
817;Samantha Radcliffe;No data;['Second Chances', 'Guardians', 'Julie', 'Equipos adicionales'];['Reparto', 'Equipos adicionales'];Sin oscar
818;Sal Rendino;No data;[''];['Reparto', 'Guion', 'Banda sonora'];Sin Oscar
819;Ana Polvorosa;1987;[''];['Reparto'];Sin Oscar
820;Charo López;1943;[''];['Reparto', 'Equipos adicionales'];Sin Oscar
821;Clare Cooney;No data;[''];['Reparto', 'Dirección', 'Edición'];Sin Oscar
822;Aqeel Ash-Shakoor;No data;[''];['Reparto'];Sin oscar
823;Katelyn M. Allen;No data;['The Lords Ladies', 'Scavengers', 'Nightmares Unleashed', '5,5'];['Reparto', 'Maquillaje', 'Efectos especiales'];Sin Oscar
824;Ashley van Kirk;1996;[''];['Reparto', 'Diseño de vestuario', 'Sonido'];Sin oscar
825;Daniël Boissevain;1969;[''];['Reparto', 'Cámara y electricidad', 'Especialistas'];Sin Oscar
826;Mikhail Zakharov;1903;['El punto decisivo', 'Glinka', 'Pervopechatnik Ivan Fedorov', 'Toledo'];['Reparto', 'Dirección'];Sin Oscar
827;Bruno Lochet;1959;[''];['Reparto'];Sin oscar
828;Nisrine Amine;No data;[''];['Reparto', 'Guion', 'Producción'];Sin Oscar
829;Bjarne Hjelde;No data;['Trol', 'Nora', '2006', '1982', '2010'];['Reparto'];Sin oscar
830;Chaams;No data;[''];['Reparto'];Sin Oscar
831;Boyan Fartsov;No data;['Botev'];['Reparto'];Sin oscar
832;Rick Andosca;No data;[''];['Reparto'];Sin oscar
833;Andrew Hodge;No data;['The Imitation Game (Descifrando Enigma)', 'Breaking the Code', '1996', 'Self', 'Serie de TV'];['Guion'];Sin Oscar
834;Shahiduzzaman Selim;No data;[''];['Reparto'];Sin Oscar
835;Jaana Saarinen;1955;['Hopeanuolet', '2007', '2019', '1969', '2022'];['Reparto', 'Equipos adicionales'];Sin Oscar
836;Victor Nicolai;No data;['Vache Folle', 'Corto'];['Reparto'];Sin oscar
837;Javier Collado;1976;['Amar es para siempre', '2008–2014 • 1150 episodios', 'Jesús(as Javier Collado-Goyanes)', 'Serie de TV', '6,3'];['Reparto'];Sin Oscar
838;Dariusz Jakubowski;1959;['Wiedzmin', 'Pierwsza milosc', '2006–2008 • 67 episodios', '1999', 'Knight of ErlenwaldUrcheon of Erlenwald'];['Reparto'];Sin oscar
839;Michiel Blankwaardt;1982;"['Flikken Maastricht', '2014 • 1 episodio', ""Lucia's GuardSecurity Guard 2"", 'Ricky', 'Serie de TV']";['Reparto'];Sin oscar
840;Wilhelm Johansson;No data;['Fejkpatient', '2023 • 7 episodios', '2023', '2020', '2022'];['Reparto', 'Casting'];Sin oscar
841;Tugba Melis Türk;1990;['La señora Fazilet y sus hijas', '2017–2018 • 35 episodios', 'Dilek', '2024', 'Nesrin'];['Reparto'];Sin oscar
842;Jesper Dupont;No data;['Speak No Evil', 'Amor para adultos', 'Skytten', 'Polle Fiction'];['Reparto'];Sin oscar
843;Florence Loiret Caille;1975;[''];['Reparto'];Sin Oscar
844;Angelina Momoh;No data;['Dear Dija', '6,2'];['Reparto'];Sin oscar
845;Jaime Zevallos;julio;[''];['Reparto', 'Guion', 'Producción'];Sin Oscar
846;Kenyatta Mackey;No data;[''];['Reparto'];Sin oscar
847;Charlene Quaye;No data;['Unseen Truth'];['Reparto', 'Casting', 'Producción'];Sin oscar
848;Shyam Krishnan;No data;['Hero', 'Sardar', 'Dhayam'];['Reparto'];Sin oscar
849;Bill Dawes;No data;[''];['Reparto', 'Producción', 'Guion'];Sin Oscar
850;Patricia Clarkson;1959;[''];['Reparto', 'Producción', 'Banda sonora'];Nominado para 1 premio Óscar
851;Diamand Abou Abboud;No data;[''];['Reparto', 'Guion'];Sin Oscar
852;Konstantin Haag;No data;['Kumovi', '2022–2023 • 93 episodios', 'Goran Saric', 'The Conversation'];['Reparto'];Sin oscar
853;Sinan Demirer;No data;[''];['Reparto', 'Banda sonora'];Sin oscar
854;Natasa Matjasec;1967;"['Rusevine', 'Tiigra', 'Babica gre na jug', ""Traktor, ljubezen in Rock'n'Roll""]";['Reparto', 'Dirección'];Sin Oscar
855;Jonas Gerzabek;2013;['Dark', '2020 • 1 episodio', '2022', '2022', 'Kleiner Gernot'];['Reparto'];Sin oscar
856;Rafael Ferro;1965;[''];['Reparto', 'Dirección', 'Banda sonora'];Sin Oscar
857;Yessi Sanchez;No data;[''];['Reparto', 'Producción', 'Guion'];Sin Oscar
858;Yannick Jozefzoon;No data;[''];['Reparto', 'Guion y continuidad'];Sin Oscar
859;Thomas McDonell;1986;[''];['Reparto', 'Dirección', 'Composición'];Sin oscar
860;Traci Chepado;No data;['Hallowtide'];['Reparto'];Sin oscar
861;Rhyleigh Russell;No data;['If I Could Ride'];['Reparto'];Sin oscar
862;Shoney;No data;['Philter'];['Reparto'];Sin oscar
863;D. Anthony Miles;No data;['The Miles Report: Confidential', '6,1', 'Gus', 'Dr. Jerry'];['Reparto', 'Guion', 'Producción'];Sin oscar
864;Andrew Bee;No data;[''];['Reparto', 'Producción', 'Guion'];Sin Oscar
865;Marta Stalmierska;1997;['Apokawixa', 'Johnny', 'Wyrwa', 'Hela 2022'];['Reparto'];Sin Oscar
866;Massy Mbouala;No data;['Psychose', 'Corto'];['Reparto'];Sin oscar
867;Karl Glusman;1988;[''];['Reparto', 'Cámara y electricidad'];Sin oscar
868;Bobbie Lee Kizer;No data;[''];['Reparto', 'Guion y continuidad', 'Equipos adicionales'];Sin oscar
869;Igor Angelov;No data;[''];['Reparto'];Sin Oscar
870;Zivin King;No data;['La Vecchia Religione', '2,9'];['Reparto'];Sin oscar
871;Thorbjørn Harr;1974;[''];['Reparto'];Sin Oscar
872;Sergey Bezrukov;1973;[''];['Reparto', 'Producción', 'Banda sonora'];Sin Oscar
873;Mariela Martinez Campos;No data;['Rider', 'Encargada Tienda'];['Reparto'];Sin oscar
874;Alfredo De Quesada;septiembre;[''];['Reparto', 'Guion', 'Producción'];Sin oscar
875;Brandy Hodge;No data;['Paralysis', '1701: A Blerd Story', 'Funny by Association'];['Reparto', 'Casting', 'Decoración'];Sin oscar
876;Brandon Espinoza;1982;[''];['Reparto'];Sin oscar
877;Kahlil Donovan;No data;"[""The Brother's Game"", '6,0', 'Alone', '2016', 'Restaurant Patron(as Khalil Donovan)']";['Reparto'];Sin oscar
878;Fabrizio Bentivoglio;1957;[''];['Reparto', 'Guion', 'Dirección'];Sin Oscar
879;Nikola Rakocevic;1983;['Travelator', 'Krugovi', 'The Last Panthers', '2015 • 5 episodios', '2010'];['Reparto'];Sin Oscar
880;Jack Gengler;No data;['Painting Jane'];['Reparto'];Sin oscar
881;Babita Anant;No data;['Raees', 'Badhaai Do', 'Satellite Shankar', 'Tu Aashiqui', '2018 • 26 episodios'];['Reparto', 'Dirección de la segunda unidad o asistencia a dirección'];Sin oscar
882;Szabolcs Hajdu;1972;['Bibliothèque Pascal', 'Ernelláék Farkaséknál', 'Fehér tenyér', 'Macerás ügyek'];['Reparto', 'Dirección', 'Guion'];Sin Oscar
883;Paolo Pierobon;No data;['Rapito', '1993', '2017 • 4 episodios', '2013', 'Alfa'];['Reparto'];Sin Oscar
884;Kevin Carney;No data;[''];['Reparto', 'Equipos adicionales'];Sin oscar
885;Parvathy Thiruvothu;1988;[''];['Reparto', 'Guion'];Sin Oscar
886;Tamer Levent;1950;[''];['Reparto'];Sin Oscar
887;Bre Beverly;No data;['Hoodie'];['Reparto'];Sin oscar
888;Olena Rechych;No data;['Pes', '2016 • 1 episodio', '2022', 'Reparto(as Olena Rerych)', 'Serie de TV'];['Reparto'];Sin oscar
889;Sandeep Shikhar;No data;['El gran pase de magia', 'Home Shanti', '2022 • 2 episodios'];['Reparto'];Sin oscar
890;Mélanie Doutey;1978;[''];['Reparto', 'Dirección', 'Guion'];Sin Oscar
891;Taika Waititi;1975;[''];['Producción', 'Guion', 'Reparto'];Ganó 1 premio Óscar
892;Shawn Faqua;No data;['Lagos Cougars', 'Kofa', '6,6', '5,2'];['Reparto'];Sin Oscar
893;Amelia Cormack;No data;[''];['Reparto'];Sin oscar
894;Rob Estes;1963;[''];['Reparto', 'Dirección'];Sin Oscar
895;Mathieu Kassovitz;1967;[''];['Reparto', 'Dirección', 'Producción'];Sin Oscar
896;Benett Vilmányi;1994;[''];['Reparto', 'Composición'];Sin Oscar
897;Jay Walker;No data;[''];['Reparto'];Sin oscar
898;Jarkko Nyman;1975;['Salatut elämät', '2009–2018 • 1061 episodios', '2022', 'Sooloilua'];['Reparto', 'Equipos adicionales'];Sin oscar
899;Shruti Das;No data;['X = Prem', 'Badami Hyenar Kobole', 'Girl Crying for mother', 'Seema'];['Reparto'];Sin oscar
900;Stoyan Doychev;No data;['In the Heart of the Machine', 'Dads', '2021–2022 • 89 episodios', '6,8'];['Reparto'];Sin oscar
901;Peter Hicks;No data;"['Música a bordo', ""Fisherman's Friends: One and All""]";['Reparto'];Sin oscar
902;Sanya Malhotra;1992;[''];['Reparto', 'Equipos adicionales'];Sin Oscar
903;Camillia Monet;No data;[''];['Reparto', 'Producción', 'Dirección'];Sin oscar
904;Mia Galhardas;No data;['Lua de Mel', '2022 • 122 episodios', '2022', 'Carla', 'Matilde'];['Reparto'];Sin oscar
905;Jesse Gervasi;No data;[''];['Reparto'];Sin Oscar
906;Greg Pronko;No data;[''];['Reparto', 'Producción', 'Equipos adicionales'];Sin oscar
907;Julianne Moore;1960;[''];['Reparto', 'Producción', 'Banda sonora'];Ganó 1 premio Óscar
908;Amritpal Singh;No data;[''];['Especialistas', 'Reparto'];Sin oscar
909;Ardhito Pramono;No data;"['Nanti kita cerita tentang hari ini', ""Story of Kale: When Someone's in Love"", '13 Bom di Jakarta', '7,0']";['Reparto', 'Composición', 'Banda sonora'];Sin Oscar
910;Michael O'Keefe;1955;[''];['Reparto', 'Dirección', 'Banda sonora'];Nominado para 1 premio Óscar
911;Teodora Ristovski;1986;['Furija', '2021', '8,9', 'Bilo jednom u Srbiji'];['Reparto', 'Guion', 'Producción'];Sin Oscar
912;Alejandro Bravo;No data;[''];['Reparto', 'Producción'];Sin oscar
913;Indrek Taalmaa;1967;['Tuulepealne maa', '2008 • 10 episodios', '6,0', '7,3'];['Reparto'];Sin oscar
914;Sara Serraiocco;1990;[''];['Reparto'];Sin Oscar
915;Lorenzo Zurzolo;2000;[''];['Reparto'];Sin oscar
916;Scott Norman;1934;[''];['Dirección de producción', 'Producción', 'Equipos adicionales'];Nominado para 2 premios Primetime Emmy
917;Manimegalai;No data;['Asuran', 'Maayavan', 'Viduthalai Part 1', 'Laththi'];['Reparto'];Sin oscar
918;Philippe Rebbot;No data;['Un acuerdo original', 'Mars Colony', '2020', 'Marcus', 'Dirección de producción'];['Reparto', 'Guion', 'Dirección de producción'];Sin Oscar
919;Louise Osbourne;No data;['Dr. Dolittle 2', 'Leap', 'La pareja del año', 'EDtv'];['Reparto', 'Efectos visuales', 'Equipos adicionales'];Sin Oscar
920;Martín Altomaro;1976;['Libre de culpas', 'Soy tu fan', '2010–2012 • 26 episodios', '1992', '2006'];['Reparto'];Sin Oscar
921;Simon Kling;No data;[''];['Reparto'];Sin oscar
922;Zac Cudby;No data;['El regreso de los niños del ferrocarril'];['Reparto'];Sin oscar
923;Matthias Hues;1959;[''];['Reparto', 'Guion'];Sin Oscar
924;Aaliyah Ford;No data;[''];['Reparto', 'Guion'];Sin oscar
925;Toshio Furukawa;1946;['Lum, la chica invasora', '1981–1986 • 193 episodios', '2013', '1984', '1981'];['Reparto'];Sin oscar
926;Ali Fikry;No data;['Surga Yang Tak Dirindukan 3', '24 Jam Bersama Gaspar', '5,3', '7,3'];['Reparto', 'Banda sonora'];Sin Oscar
927;Seyithan Özdemir;1982;[''];['Reparto'];Sin oscar
928;Randy Kovitz;septiembre;['Lightweight', '2011', '1978', '1991', '2014'];['Reparto', 'Equipos adicionales', 'Especialistas'];Sin Oscar
929;Ahalya Suresh;No data;['Yellow Board', 'Margaret', '5,4'];['Reparto'];Sin oscar
930;Sathyaraj;1954;[''];['Reparto', 'Producción'];Sin Oscar
931;Rao Ramesh;1968;[''];['Reparto'];Sin Oscar
932;Stephan Proaño;No data;['Stars at Noon', 'Crónica de un amor'];['Reparto'];Sin oscar
933;Jedidiah Constantine;1998;['The Incentive of Heirs', 'BERZERK-A'];['Guion', 'Dirección', 'Reparto'];Sin oscar
934;Michael Halverson;No data;['Time Warrior', '22: The Unforgotten Soldier'];['Reparto', 'Producción', 'Diseño de producción'];Sin oscar
935;Alfredo Zamora;No data;['La casa de papel', '2020 • 1 episodio', 'Sky Rojo', '2023 • 1 episodio', '2018'];['Reparto'];Sin oscar
936;Samantha Walker;No data;[''];['Reparto'];Sin oscar
937;Marcio Vito;1972;['5x Favela, Agora por Nós Mesmos', 'Para Sempre Nunca Mais', 'Machado do Brasil', 'Xuxa e os Duendes'];['Reparto', 'Equipos adicionales', 'Dirección de la segunda unidad o asistencia a dirección'];Sin Oscar
938;Chicco Jerikho;No data;[''];['Reparto', 'Producción'];Sin Oscar
939;Erik Chirkoff;No data;['Young Ronin', 'Hangmans Tree', 'A Short in the Mind'];['Reparto'];Sin oscar
940;Ario Bayu;1985;[''];['Reparto', 'Producción', 'Banda sonora'];Sin Oscar
941;Millie Bobby Brown;2004;[''];['Reparto', 'Producción', 'Equipo ejecutivo'];Nominado para 2 premios Primetime Emmy
942;Arianna McCool;No data;[''];['Vestuario', 'Dirección', 'Reparto'];Sin Oscar
943;Anton Babushkin;No data;['Serdtse parmy'];['Reparto'];Sin oscar
944;Brian Quintero;No data;[''];['Reparto', 'Dirección', 'Producción'];Sin Oscar
945;Cole Carter;No data;['Blood Brother', 'Candy Flip'];['Reparto', 'Producción', 'Equipo ejecutivo'];Sin oscar
946;Ayumu Murase;1988;['Haikyu!! Los ases del vóley', '2014–2020 • 87 episodios', 'Sean(voz)', 'Videojuego', '8,5'];['Reparto'];Sin Oscar
947;Parambrata Chattopadhyay;1980;[''];['Reparto', 'Dirección', 'Producción'];Sin Oscar
948;Turgay Tanülkü;1953;[''];['Reparto', 'Banda sonora'];Sin Oscar
949;Raju Kher;1957;[''];['Reparto', 'Dirección', 'Guion'];Sin oscar
950;Cenk Kangöz;1974;['Medcezir', '2013–2015 • 75 episodios', 'Mesut', 'Taarruz', 'Serie de TV'];['Reparto'];Sin oscar
951;Heather Ashley Chase;No data;['TaskForce: Back in Black', 'Cuentos de Halloween', 'V/H/S Viral', 'Screaming Night'];['Reparto', 'Producción', 'Equipos adicionales'];Sin oscar
952;Michelle Monaghan;1976;[''];['Reparto', 'Producción'];Sin Oscar
953;PJ Barnes;No data;['Ogden', 'Run', 'Trapped', 'Tree Frogs'];['Producción', 'Reparto', 'Guion'];Sin oscar
954;Jamie B. Chambers;1987;[''];['Reparto', 'Especialistas', 'Producción'];Sin oscar
955;Blanca Apilánez;No data;[''];['Reparto'];Sin Oscar
956;Michael Scott;1985;[''];['Reparto', 'Guion', 'Producción'];Sin oscar
957;Phuong Kubacki;No data;[''];['Reparto'];Sin oscar
958;Lucy Avison;No data;['Coronation Street', '2022 • 7 episodios', '2020 • 1 episodio', '2020', '2020'];['Reparto'];Sin oscar
959;John Wynn;No data;[''];['Producción', 'Dirección', 'Reparto'];Sin Oscar
960;Miriam Japp;No data;['Der böse Onkel', 'En el lugar del crimen', '2014 • 1 episodio', 'Sitting Next to Zoe'];['Reparto'];Sin oscar
961;Huma Qureshi;1986;[''];['Reparto', 'Producción'];Sin Oscar
962;Rosslyn Luke;1989;[''];['Reparto'];Sin oscar
963;Erica Boozer;No data;[''];['Reparto', 'Producción', 'Dirección'];Sin oscar
964;Elin Pantefors;No data;['Den som lever får se', 'Reporter', 'Miniserie de TV', '6,8'];['Reparto', 'Vestuario', 'Maquillaje'];Sin oscar
965;Ricardo Reyes;1957;['Iskul Bukol: 20 Years After (The Ungasis and Escaleras Adventure)', 'Iskul bukol', 'Si Ayala at si Zobel', 'Iskul bukol', '1977'];['Reparto', 'Banda sonora'];Sin oscar
966;Abraham Pérez Fernández;No data;['Centauro', 'Arde Madrid', '2018 • 1 episodio'];['Reparto'];Sin oscar
967;Karin Andersson;No data;['Singer'];['Reparto'];Sin oscar
968;Christina Colgan;No data;[''];['Reparto', 'Guion', 'Dirección de la segunda unidad o asistencia a dirección'];Sin oscar
969;Maya Holt;No data;['Error 404'];['Reparto'];Sin oscar
970;Olivia DeJonge;1998;[''];['Reparto'];Sin Oscar
971;Marie Luce Pennisi;No data;['Follia'];['Reparto'];Sin oscar
972;Sarah May;No data;[''];['Reparto', 'Producción'];Sin Oscar
973;Margie Mays;No data;[''];['Reparto', 'Música', 'Producción'];Sin oscar
974;Jennifer Lavi;1973;[''];['Reparto', 'Equipos adicionales'];Sin oscar
975;Jon Emm;No data;['Amanda'];['Reparto'];Sin oscar
976;Solar;No data;[''];['Reparto'];Sin oscar
977;Karim Abdel Aziz;1975;[''];['Reparto'];Sin Oscar
978;Darcy Cagen;No data;['Relative', 'The Sacrifice'];['Reparto', 'Equipos adicionales'];Sin oscar
979;Katinka Lærke Petersen;1991;[''];['Reparto'];Sin oscar
980;Liisi Org;No data;['The Twin'];['Reparto'];Sin oscar
981;Tina Krause;1970;[''];['Reparto', 'Dirección', 'Producción'];Sin oscar
982;Benjamin Cavanagh;No data;['A Stitch in Time', 'Broken Record', 'White Rabbit Project', '2016 • 2 episodios', '2021'];['Reparto'];Sin oscar
983;Ken Glover;No data;[''];['Reparto', 'Producción', 'Dirección de casting'];Sin oscar
984;Arpita Bhutani;No data;"[""Daddy's Daughter 2""]";['Reparto'];Sin oscar
985;Shobha Khote;1940;[''];['Reparto', 'Dirección', 'Producción'];Sin Oscar
986;Viktor Benóný Benediktsson;No data;[''];['Reparto'];Sin Oscar
987;Julia Hartmann;1985;[''];['Reparto'];Sin oscar
988;Milica Janevski;1986;['Bunar', '2022 • 10 episodios', 'Sanja MaslacSanja', 'Serie de TV', '8,1'];['Reparto'];Sin Oscar
989;Oona Yaffe;No data;[''];['Reparto'];Sin oscar
990;Cassi Davis;1964;[''];['Reparto', 'Banda sonora'];Sin Oscar
991;Gracie Marie Bradley;No data;[''];['Reparto', 'Equipos adicionales'];Sin oscar
992;Keeley Karsten;2010;[''];['Reparto', 'Guion'];Sin Oscar
993;Jerrica Roy;No data;[''];['Reparto'];Sin oscar
994;Sachiko Ohshima;No data;['Blood'];['Reparto'];Sin oscar
995;Kristian Halken;1955;['Oldboys', 'Gufol mysteriet', '1997 • 13 episodios', 'Peter Andreas Kjær', 'Miniserie de TV'];['Reparto', 'Guion', 'Producción'];Sin Oscar
996;Hector Moreno;No data;['Fireflies at El Mozote'];['Producción'];Sin oscar
997;Canan Nezirova;No data;['Nisan'];['Reparto'];Sin oscar
998;Sohit Soni;1992;"['Trahimam', ""Let's Meet"", 'Nanhey', 'Serie de TV']";['Reparto'];Sin oscar
999;Dawna Lee Heising;1953;[''];['Reparto', 'Producción', 'Edición'];Sin Oscar
1000;Intekhab Dinar;No data;[''];['Reparto'];Sin oscar
